date,crop,price_nominal,price_real,volume
2019-07-30,maize,1.1815,1.3496687228695454,665908.2
2019-07-31,maize,1.2,1.3708019191226868,827880.0
2019-08-02,maize,1.25,1.427918665752799,75000.0
2019-08-05,maize,1.2338,1.4094128398446424,806323.6
2019-08-07,maize,1.21,1.382225268448709,242000.0
2019-08-09,maize,1.21,1.382225268448709,181790.4
2019-08-16,maize,1.1623,1.3277358921635825,303782.5
2019-08-19,maize,1.25,1.427918665752799,312500.0
2019-08-21,maize,1.1728,1.339730408955906,167069.68
2019-08-22,maize,1.2275,1.4022161297692484,584528.83
2019-08-23,maize,1.28,1.4621887137308658,1702656.0
2019-08-26,maize,1.2,1.3708019191226868,240000.0
2019-08-27,maize,1.175,1.3422435458076307,35156.0
2019-08-28,maize,1.1803,1.3482979209504224,406774.52
2019-08-29,maize,1.22,1.3936486177747316,36600.0
2019-09-02,maize,1.2595,1.43877084761252,6850716.4
2019-09-03,maize,1.1727,1.3396161754626457,43390.0
2019-09-04,maize,1.1798,1.3477267534841215,166898.9
2019-09-05,maize,1.2187,1.3921635823623484,609087.75
2019-09-06,maize,1.1711,1.337788439570482,93056.19
2019-09-09,maize,1.2,1.3708019191226868,186770.4
2019-09-10,maize,1.2004,1.3712588530957277,904664.18
2019-09-11,maize,1.1827,1.3510395247886682,91070.0
2019-09-13,maize,1.16,1.3251085218185972,262776.75
2019-09-16,maize,1.185,1.3536668951336532,38394.0
2019-09-17,maize,1.15,1.3136851724925749,31050.0
2019-09-19,maize,1.16,1.3251085218185972,34800.0
2019-09-20,maize,1.1137,1.272218414439113,130702.4
2019-09-23,maize,1.1548,1.3191683801690657,54277.0
2019-09-24,maize,1.1529,1.316997943797121,91497.6
2019-09-25,maize,1.15,1.3136851724925749,23000.0
2019-09-27,maize,1.135,1.2965501485035411,22700.0
2019-10-01,maize,1.1,1.256568425862463,57398.0
2019-10-02,maize,1.2,1.3708019191226868,308304.0
2019-10-03,maize,1.125,1.2851267991775188,22500.0
2019-10-08,maize,1.12,1.2794151245145078,150035.2
2019-10-09,maize,1.2,1.3708019191226868,508368.0
2019-10-10,maize,1.125,1.2851267991775188,16966.13
2019-10-15,maize,1.1,1.256568425862463,11000.0
2019-10-17,maize,1.0866,1.2412611377655929,26514.0
2019-10-21,maize,1.1033,1.26033813114005,126277.9
2019-10-23,maize,1.0885,1.243431574137537,96244.8
2019-10-24,maize,1.15,1.3136851724925749,92184.0
2019-10-25,maize,1.1469,1.310143934201508,242916.0
2019-10-28,maize,1.09,1.2451450765364405,29604.4
2019-10-30,maize,1.15,1.3136851724925749,89056.0
2019-10-31,maize,1.0949,1.2507425177061915,39481.4
2019-11-01,maize,1.1111,1.2692483436143476,265944.08
2019-11-04,maize,1.1103,1.268334475668266,187493.7
2019-11-05,maize,1.1061,1.2635366689513363,126267.6
2019-11-06,maize,1.1125,1.2708476125199908,447457.0
2019-11-07,maize,1.1144,1.2730180488919352,175547.2
2019-11-08,maize,1.13,1.29083847384053,39211.0
2019-11-11,maize,1.13,1.29083847384053,63280.0
2019-11-12,maize,1.113,1.271418779986292,111011.4
2019-11-13,maize,1.12,1.2794151245145078,133078.4
2019-11-14,maize,1.143,1.305688827964359,143421.0
2019-11-18,maize,1.1369,1.2987205848754857,140912.8
2019-11-19,maize,1.1297,1.2904957733607492,385017.24
2019-11-20,maize,1.125,1.2851267991775188,36517.5
2019-11-21,maize,1.15,1.3136851724925749,2300.0
2019-11-22,maize,1.1513,1.3151702079049576,339002.0
2019-11-25,maize,1.15,1.3136851724925749,30774.0
2019-11-26,maize,1.151,1.314827507425177,274131.4
2019-11-27,maize,1.1448,1.3077450308430432,185274.96
2019-11-28,maize,1.1662,1.332190998400731,148129.46
2019-11-29,maize,1.16,1.3251085218185972,211102.54
2019-12-02,maize,1.1699,1.3364176376513592,175540.17
2019-12-03,maize,1.158,1.3228238519533926,236016.53
2019-12-04,maize,1.1546,1.3189399131825452,106519.0
2019-12-05,maize,1.1834,1.3518391592414896,250151.22
2019-12-06,maize,1.194,1.3639479095270732,422404.8
2019-12-09,maize,1.1927,1.3624628741146905,892481.4
2019-12-10,maize,1.2082,1.380169065570025,398377.8
2019-12-11,maize,1.1973,1.3677176148046608,243796.7
2019-12-12,maize,1.1897,1.3590358693168836,263897.4
2019-12-13,maize,1.2071,1.3789124971441626,322744.4
2019-12-16,maize,1.2022,1.3733150559744116,550808.88
2019-12-17,maize,1.2168,1.3899931459904045,85762.0
2019-12-18,maize,1.2146,1.3874800091386794,700887.2
2019-12-19,maize,1.2031,1.3743431574137537,158304.2
2019-12-20,maize,1.2196,1.393191683801691,104840.8
2019-12-23,maize,1.2309,1.406100068540096,444298.09
2019-12-24,maize,1.2105,1.3827964359150102,439125.59
2019-12-25,maize,1.2069,1.3786840301576422,396117.42
2019-12-26,maize,1.1967,1.3670322138450994,381852.0
2019-12-27,maize,1.1959,1.3661183458990176,130998.0
2019-12-30,maize,1.199,1.3696595841900845,189989.88
2019-12-31,maize,1.2138,1.3865661411925976,184330.14
2020-01-02,maize,1.2076,1.3794836646104638,408039.2
2020-01-03,maize,1.2107,1.383024902901531,270637.56
2020-01-06,maize,1.2173,1.3905643134567056,822208.46
2020-01-07,maize,1.2338,1.4094128398446424,251032.4
2020-01-08,maize,1.229,1.4039296321681518,285582.8
2020-01-09,maize,1.2303,1.4054146675805346,358397.8
2020-01-10,maize,1.2262,1.4007310943568654,253071.4
2020-01-13,maize,1.2343,1.4099840073109435,544069.97
2020-01-14,maize,1.2273,1.401987662782728,546439.3
2020-01-15,maize,1.2333,1.4088416723783417,514811.78
2020-01-16,maize,1.2301,1.405186200594014,1360766.1
2020-01-17,maize,1.2292,1.4041580991546725,699994.1
2020-01-20,maize,1.2317,1.4070139364861778,529317.6
2020-01-21,maize,1.2372,1.4132967786154902,1508272.95
2020-01-22,maize,1.2467,1.4241489604752111,360336.8
2020-01-23,maize,1.2427,1.4195796207448022,726030.9
2020-01-24,maize,1.2496,1.4274617317797578,270137.8
2020-01-27,maize,1.2476,1.4251770619145534,800230.1
2020-01-28,maize,1.242,1.4187799862919808,172559.0
2020-01-29,maize,1.2468,1.4242631939684711,280739.64
2020-01-30,maize,1.2435,1.4204934886908842,630179.2
2020-01-31,maize,1.2483,1.4259766963673748,442699.5
2020-02-03,maize,1.2499,1.3993506493506491,297494.74
2020-02-04,maize,1.2539,1.4038289296909987,810429.96
2020-02-05,maize,1.2484,1.3976712942230185,508519.38
2020-02-06,maize,1.2456,1.394536497984774,631334.84
2020-02-07,maize,1.2548,1.404836542767577,788857.7
2020-02-10,maize,1.2566,1.4068517689207345,458247.56
2020-02-11,maize,1.2574,1.4077474249888045,620301.7
2020-02-12,maize,1.2606,1.4113300492610836,1656577.44
2020-02-13,maize,1.2619,1.4127854903716972,928681.06
2020-02-14,maize,1.2645,1.4156963725929244,498325.1
2020-02-17,maize,1.2611,1.4118898343036277,138533.55
2020-02-18,maize,1.2592,1.4097626511419616,893599.6
2020-02-19,maize,1.2577,1.4080832960143306,884586.8
2020-02-20,maize,1.2606,1.4113300492610836,590217.8
2020-02-21,maize,1.2596,1.4102104791759964,891812.28
2020-02-24,maize,1.2579,1.408307210031348,741120.9
2020-02-25,maize,1.2619,1.4127854903716972,1044012.36
2020-02-26,maize,1.2652,1.4164800716524857,1201351.12
2020-02-27,maize,1.265,1.416256157635468,707467.4
2020-02-28,maize,1.2635,1.4145768025078371,662125.62
2020-03-02,maize,1.2728,1.3845317089089522,564375.3
2020-03-03,maize,1.2603,1.3709344066137277,2562950.2
2020-03-04,maize,1.2537,1.3637550310018491,7031710.96
2020-03-05,maize,1.2523,1.3622321331447838,2673738.6
2020-03-06,maize,1.2588,1.3693027303383003,2616332.6
2020-03-09,maize,1.2583,1.3687588382464917,1578077.25
2020-03-10,maize,1.2573,1.3676710540628738,2091235.04
2020-03-11,maize,1.2624,1.3732187533993254,2237837.09
2020-03-12,maize,1.2639,1.3748504296747524,469858.78
2020-03-13,maize,1.2639,1.3748504296747524,1180786.15
2020-03-16,maize,1.2589,1.3694115087566625,532698.4
2020-03-17,maize,1.2661,1.377243554878712,1341477.1
2020-03-18,maize,1.2695,1.380942021103013,1118238.64
2020-03-19,maize,1.2599,1.3704992929402804,1894029.3
2020-03-20,maize,1.2535,1.3635374741651254,11649477.04
2020-03-23,maize,1.2808,1.393233982377896,777115.94
2020-03-24,maize,1.2777,1.3898618514086805,791798.65
2020-03-25,maize,1.2811,1.3935603176329814,578189.35
2020-03-26,maize,1.2801,1.3924725334493635,1155384.08
2020-03-27,maize,1.2838,1.39649733492875,1251422.78
2020-03-30,maize,1.2885,1.4016099205917545,512972.8
2020-03-31,maize,1.2961,1.409877080387251,1419202.0
2020-04-01,maize,1.279,1.3623775031955687,484378.5
2020-04-02,maize,1.2005,1.2787601193012357,159793489.1
2020-04-03,maize,1.2038,1.282275244993609,55923990.57
2020-04-06,maize,1.219,1.298466126970601,8335919.2
2020-04-07,maize,1.2899,1.3739880698764382,5671340.5
2020-04-08,maize,1.2953,1.379740093736685,1823878.8
2020-04-09,maize,1.2617,1.3439497230507031,1850301.6
2020-04-10,maize,1.263,1.3453344695355771,1967126.78
2020-04-13,maize,1.2945,1.3788879420536857,518039.0
2020-04-14,maize,1.3257,1.4121218576906691,1281999.5
2020-04-15,maize,1.3135,1.3991265445249257,894839.6
2020-04-16,maize,1.3178,1.4037068598210485,2230704.7
2020-04-17,maize,1.3151,1.4008308478909246,2973650.05
2020-04-20,maize,1.3287,1.4153174265019175,2450601.76
2020-04-21,maize,1.3418,1.4292714103110356,2577925.9
2020-04-22,maize,1.3357,1.4227737537281635,3792964.92
2020-04-24,maize,1.3295,1.4161695781849168,648293.6
2020-04-27,maize,1.3579,1.446420962931402,1154740.9
2020-04-28,maize,1.3616,1.4503621644652749,3666210.12
2020-04-29,maize,1.3469,1.4347038772901577,2688458.6
2020-04-30,maize,1.3419,1.4293779292714106,2907928.3
2020-05-04,maize,1.3634,1.418435289221806,1524562.55
2020-05-05,maize,1.3679,1.4231169371618808,1041652.6
2020-05-06,maize,1.3637,1.4187473990844777,1855046.24
2020-05-07,maize,1.3692,1.424469413233458,6194756.71
2020-05-08,maize,1.3618,1.4167707032875572,4268321.03
2020-05-11,maize,1.3473,1.401685393258427,2600312.59
2020-05-12,maize,1.3337,1.3875364128173118,2965832.1
2020-05-13,maize,1.3714,1.4267582188930503,1589577.13
2020-05-14,maize,1.3516,1.4061589679567208,1357109.52
2020-05-15,maize,1.3617,1.4166666666666663,1224616.7
2020-05-18,maize,1.3098,1.3626716604244695,501757.0
2020-05-20,maize,1.3174,1.3705784436121513,938799.6
2020-05-21,maize,1.3619,1.4168747399084478,193585.2
2020-05-22,maize,1.344,1.3982521847690388,1912128.21
2020-05-27,maize,1.3278,1.3813982521847692,971003.4
2020-05-28,maize,1.3492,1.4036620890553475,1277021.4
2020-05-29,maize,1.3445,1.3987723678734916,816016.1
2020-06-01,maize,1.3411,1.4173536250264214,524728.9
2020-06-02,maize,1.3359,1.411857958148383,712656.6
2020-06-03,maize,1.3264,1.4018177975058128,632914.38
2020-06-04,maize,1.3121,1.386704713591207,1012421.4
2020-06-05,maize,1.3058,1.3800465017966603,396566.2
2020-06-08,maize,1.3607,1.4380680617205666,337650.35
2020-06-09,maize,1.3015,1.3755020080321283,180374.73
2020-06-10,maize,1.3523,1.4291904459945044,441775.3
2020-06-11,maize,1.3443,1.4207355738744452,294428.8
2020-06-12,maize,1.346,1.4225322341999578,574435.3
2020-06-15,maize,1.3542,1.4311984781230185,299378.08
2020-06-16,maize,1.3574,1.434580426971042,249162.0
2020-06-17,maize,1.3469,1.4234834073134643,489823.9
2020-06-18,maize,1.3278,1.4032974001268232,218689.0
2020-06-19,maize,1.3476,1.4242232086239694,419013.7
2020-06-22,maize,1.3242,1.3994927076727963,264315.5
2020-06-23,maize,1.2852,1.3582752060875078,40485.0
2020-06-24,maize,1.3457,1.4222151764954554,894647.02
2020-06-25,maize,1.3309,1.406573663073346,473520.0
2020-06-26,maize,1.3186,1.393574297188755,221730.76
2020-06-29,maize,1.3136,1.388290002113718,1064566.26
2020-06-30,maize,1.3014,1.3753963221306276,197463.4
2020-07-01,maize,1.3552,1.4131386861313866,325862.5
2020-07-02,maize,1.2808,1.33555787278415,162687.0
2020-07-03,maize,1.3503,1.4080291970802918,261277.5
2020-07-06,maize,1.3633,1.4215849843587067,814253.5
2020-07-07,maize,1.3404,1.397705943691345,49595.0
2020-07-08,maize,1.3335,1.390510948905109,606960.8
2020-07-09,maize,1.329,1.3858185610010425,120778.0
2020-07-10,maize,1.3529,1.410740354535975,707547.0
2020-07-13,maize,1.3755,1.4343065693430654,401910.7
2020-07-14,maize,1.3608,1.4189781021897807,109081.0
2020-07-16,maize,1.3863,1.4455683003128257,212570.6
2020-07-17,maize,1.3552,1.4131386861313866,913989.29
2020-07-20,maize,1.3655,1.4238790406673616,501019.5
2020-07-21,maize,1.3666,1.4250260688216891,2355718.63
2020-07-22,maize,1.3717,1.430344108446298,620524.32
2020-07-23,maize,1.3583,1.416371220020855,576287.8
2020-07-24,maize,1.3542,1.4120959332638163,584580.3
2020-07-27,maize,1.3614,1.419603753910323,885294.0
2020-07-28,maize,1.356,1.413972888425443,534256.0
2020-07-29,maize,1.3713,1.4299270072992698,546014.0
2020-07-30,maize,1.363,1.4212721584984356,110403.0
2020-08-04,maize,1.369,1.3397925229986298,353190.4
2020-08-05,maize,1.3743,1.3449794480328832,300415.0
2020-08-06,maize,1.3772,1.3478175768252103,419034.8
2020-08-07,maize,1.3624,1.3333333333333333,513616.0
2020-08-10,maize,1.41,1.3799177921315324,77550.0
2020-08-11,maize,1.3715,1.342239185750636,184467.5
2020-08-12,maize,1.346,1.3172832256801723,360740.0
2020-08-13,maize,1.3707,1.341456253669994,621820.7
2020-08-14,maize,1.355,1.3260912115873946,254740.0
2020-08-17,maize,1.354,1.3251125464865925,430649.75
2020-08-18,maize,1.359,1.3300058719906047,487949.9
2020-08-19,maize,1.3581,1.3291250733998825,1682888.95
2020-08-20,maize,1.3666,1.337443726756704,618124.2
2020-08-21,maize,1.3806,1.3511450381679388,359216.0
2020-08-24,maize,1.3768,1.3474261107848895,242997.5
2020-08-25,maize,1.3625,1.3334311998434136,129435.0
2020-08-26,maize,1.3594,1.3303973380309255,236085.54
2020-08-27,maize,1.376,1.3466431787042472,546000.5
2020-08-28,maize,1.374,1.3446858485026425,302995.35
2020-09-01,maize,1.3753,1.334983498349835,721733.4
2020-09-02,maize,1.3982,1.3572121918074165,169884.4
2020-09-03,maize,1.3637,1.3237235488254708,276533.0
2020-09-04,maize,1.3611,1.321199767035527,517582.2
2020-09-07,maize,1.357,1.3172199572898466,120592.2
2020-09-08,maize,1.3611,1.321199767035527,552105.8
2020-09-09,maize,1.3626,1.3226557949912638,981016.8
2020-09-10,maize,1.3704,1.330227140361095,439801.98
2020-09-14,maize,1.37,1.3298388662395653,340284.94
2020-09-15,maize,1.3702,1.3300330033003305,319108.18
2020-09-16,maize,1.3793,1.338866239565133,1215161.3
2020-09-17,maize,1.3841,1.3435255290234909,252548.8
2020-09-18,maize,1.401,1.3599301106581247,1959511.6
2020-09-21,maize,1.4026,1.361483207144244,559274.9
2020-09-22,maize,1.4012,1.3601242477188895,508539.01
2020-09-23,maize,1.4304,1.388468258590565,806463.12
2020-09-24,maize,1.4201,1.3784701999611726,668445.5
2020-09-25,maize,1.4264,1.3845855173752668,1076269.7
2020-09-28,maize,1.433,1.3909920403805087,1318462.3
2020-09-29,maize,1.3833,1.342748980780431,371978.0
2020-09-30,maize,1.4701,1.4270044651523976,720678.25
2020-10-01,maize,1.4401,1.3100154643864277,1011918.8
2020-10-02,maize,1.4993,1.3638679159465112,1589321.0
2020-10-05,maize,1.5316,1.393250250159192,2009506.6
2020-10-06,maize,1.5348,1.3961611934867642,1939513.86
2020-10-07,maize,1.547,1.4072591649231327,2150241.4
2020-10-08,maize,1.5337,1.3951605567179113,6222711.95
2020-10-09,maize,1.5653,1.4239061220776856,9072171.2
2020-10-12,maize,1.6066,1.461475484399163,8553570.96
2020-10-13,maize,1.6289,1.481761120713181,6399871.5
2020-10-14,maize,1.6566,1.506958973892477,4775325.7
2020-10-15,maize,1.702,1.548257982352406,5895850.78
2020-10-16,maize,1.7347,1.578004184481033,4289701.8
2020-10-19,maize,1.7482,1.590284726644228,4230203.98
2020-10-20,maize,1.7773,1.6167561175293368,9002247.35
2020-10-21,maize,1.7791,1.618393523151096,5438983.22
2020-10-22,maize,1.7708,1.6108432638952055,7541328.38
2020-10-23,maize,1.7717,1.6116619667060856,8101315.66
2020-10-26,maize,1.7796,1.6188483580460291,12101890.89
2020-10-27,maize,1.7993,1.6367688529063946,13577104.3
2020-10-28,maize,1.8038,1.6408623669607931,13165783.15
2020-10-30,maize,1.8466,1.6797962339670698,10714047.13
2020-11-02,maize,1.85,1.5535774269398726,13126858.0
2020-11-03,maize,1.8308,1.5374538125629829,8800797.28
2020-11-04,maize,1.8273,1.534514612025529,7902773.13
2020-11-05,maize,1.8319,1.5383775613033257,6193340.86
2020-11-06,maize,1.8447,1.5491266375545851,12705737.31
2020-11-09,maize,1.8375,1.5430802821632514,2772983.5
2020-11-10,maize,1.8386,1.5440040309035945,7364677.4
2020-11-11,maize,1.837,1.5426603963721868,4538421.81
2020-11-12,maize,1.7877,1.501259657373195,2042798.0
2020-11-13,maize,1.7456,1.4659052737655358,7134450.73
2020-11-16,maize,1.7398,1.4610345985891835,926693.72
2020-11-17,maize,1.6992,1.4269398723547195,2596072.1
2020-11-18,maize,1.6934,1.4220691971783674,2886658.5
2020-11-19,maize,1.6906,1.4197178367484045,3669540.95
2020-11-20,maize,1.6813,1.4119079610345986,2766001.4
2020-11-23,maize,1.692,1.4208935169633858,4831407.25
2020-11-24,maize,1.6955,1.4238327175008398,3809412.5
2020-11-25,maize,1.6887,1.4181222707423582,3364193.77
2020-11-26,maize,1.7008,1.428283506886127,2610450.45
2020-11-27,maize,1.7104,1.4363453140745717,4629019.5
2020-11-30,maize,1.7136,1.4390325831373867,2764938.83
2020-12-01,maize,1.7101,1.468275092298446,3140554.94
2020-12-02,maize,1.7145,1.472052889156006,3282157.08
2020-12-03,maize,1.7143,1.471881171117026,3223408.28
2020-12-04,maize,1.7174,1.4745428007212158,2737449.0
2020-12-07,maize,1.7,1.459603331329956,2668840.8
2020-12-08,maize,1.6748,1.4379668584184768,2012215.97
2020-12-09,maize,1.6784,1.4410577831201166,3102034.1
2020-12-10,maize,1.6584,1.4238859792221177,2384209.28
2020-12-11,maize,1.6631,1.4279213531381472,1581704.54
2020-12-14,maize,1.6683,1.432386022151627,2728315.24
2020-12-15,maize,1.6704,1.434189061560917,2869416.94
2020-12-16,maize,1.6719,1.4354769468532669,1697175.38
2020-12-17,maize,1.6574,1.4230273890272174,1910876.4
2020-12-18,maize,1.6647,1.4292950974499872,2447969.08
2020-12-21,maize,1.6411,1.4090323688503477,3867579.03
2020-12-22,maize,1.6311,1.400446466901348,2641686.65
2020-12-23,maize,1.6389,1.4071434704215675,1858533.9
2020-12-24,maize,1.6264,1.3964110929853182,4450855.64
2020-12-25,maize,1.6385,1.4068000343436078,2101020.44
2020-12-28,maize,1.6407,1.4086889327723875,3116190.2
2020-12-29,maize,1.6811,1.4433759766463468,2500623.05
2020-12-30,maize,1.6578,1.423370825105177,1115107.35
2020-12-31,maize,1.6669,1.431183995878767,776051.02
2021-01-04,maize,1.6664,1.3717484359565362,1373040.2
2021-01-05,maize,1.6855,1.3874711886730329,2378869.69
2021-01-06,maize,1.7069,1.4050872571616728,3419164.92
2021-01-07,maize,1.7217,1.417270332565031,3766475.41
2021-01-08,maize,1.7343,1.427642410273296,3286892.15
2021-01-11,maize,1.7472,1.43826144221271,4454311.74
2021-01-12,maize,1.7563,1.4457523872242344,6486064.6
2021-01-13,maize,1.7691,1.4562891010865986,3208084.28
2021-01-14,maize,1.7791,1.4645209087915705,3516274.29
2021-01-15,maize,1.7884,1.4721764899571943,5067572.47
2021-01-18,maize,1.8115,1.49119196575568,3335744.96
2021-01-19,maize,1.8191,1.4974481396114585,3298175.3
2021-01-20,maize,1.8195,1.4977774119196574,7646210.36
2021-01-21,maize,1.8335,1.5093019427066183,4693272.01
2021-01-22,maize,1.8273,1.5041982219295356,4201840.96
2021-01-25,maize,1.84,1.5146526177148505,8372041.41
2021-01-26,maize,1.8481,1.5213203819558776,5828206.5
2021-01-27,maize,1.8112,1.4909450115245306,2996759.4
2021-01-28,maize,1.8176,1.4962133684557128,2170340.1
2021-01-29,maize,1.8256,1.5027988146196904,5921024.05
2021-02-01,maize,1.8279,1.4964388047482602,2782716.57
2021-02-02,maize,1.807,1.4793286942284074,4935331.9
2021-02-03,maize,1.7982,1.472124437167417,5134196.4
2021-02-04,maize,1.802,1.4752353663528448,3492640.53
2021-02-05,maize,1.7935,1.468276708964388,2095857.9
2021-02-08,maize,1.7518,1.434138354482194,3865273.6
2021-02-09,maize,1.7457,1.4291444944740073,3099413.82
2021-02-10,maize,1.7402,1.4246418338108882,4624949.1
2021-02-11,maize,1.7522,1.434465820712239,3717428.66
2021-02-12,maize,1.7499,1.43258288988948,3579151.18
2021-02-15,maize,1.7577,1.438968481375358,4851317.3
2021-02-16,maize,1.7462,1.4295538272615635,4883791.84
2021-02-17,maize,1.7396,1.4241506344658206,3501911.94
2021-02-18,maize,1.7365,1.4216127711829716,5304518.4
2021-02-19,maize,1.7347,1.4201391731477688,7701057.0
2021-02-22,maize,1.7415,1.4257060990585344,8651064.2
2021-02-23,maize,1.7366,1.4216946377404829,8548959.78
2021-02-24,maize,1.7425,1.426524764633647,11918782.45
2021-02-25,maize,1.7428,1.4267703643061806,9095043.08
2021-02-26,maize,1.7412,1.4254604993860007,12080688.78
2021-03-01,maize,1.7333,1.4643068345019852,16264107.31
2021-03-02,maize,1.7518,1.479935794542536,3262832.67
2021-03-03,maize,1.7634,1.489735574892287,6054861.42
2021-03-04,maize,1.7647,1.4908338261383796,4114605.47
2021-03-05,maize,1.7531,1.4810340457886289,3241109.5
2021-03-08,maize,1.7552,1.4828081439553942,3438933.6
2021-03-09,maize,1.7876,1.510179944242629,8384056.85
2021-03-10,maize,1.7929,1.514657430092084,4835712.94
2021-03-11,maize,1.7939,1.515502238742925,4060039.78
2021-03-12,maize,1.7752,1.4997043169722055,3539031.92
2021-03-15,maize,1.7719,1.4969164484244315,2898059.48
2021-03-16,maize,1.806,1.5257244234180958,3687333.4
2021-03-17,maize,1.8025,1.5227675931401536,5923750.06
2021-03-18,maize,1.8041,1.5241192869814986,5573678.1
2021-03-19,maize,1.8002,1.5208245332432202,2965896.18
2021-03-22,maize,1.798,1.5189659542113711,3483423.12
2021-03-23,maize,1.807,1.526569232068936,4427833.29
2021-03-24,maize,1.7976,1.518628030751035,4582130.6
2021-03-25,maize,1.8072,1.5267381937991042,5231061.55
2021-03-26,maize,1.813,1.5316380839739798,5187714.8
2021-03-30,maize,1.8366,1.5515755681338177,12487013.74
2021-03-31,maize,1.8476,1.5608684632930638,7705872.0
2021-04-01,maize,1.8572,1.3666936492751491,8444668.95
2021-04-02,maize,1.8526,1.363308558392818,5358497.85
2021-04-05,maize,1.8589,1.3679446611229673,6526541.69
2021-04-06,maize,1.8713,1.3770696887188167,8657562.23
2021-04-07,maize,1.8911,1.3916402972992865,4114000.93
2021-04-08,maize,1.894,1.3937743763337995,7248791.4
2021-04-09,maize,1.9015,1.399293546250644,3857914.15
2021-04-12,maize,1.9014,1.3992199573184194,12193276.35
2021-04-13,maize,1.9164,1.4102582971521085,11156035.82
2021-04-14,maize,1.9325,1.422106115240268,5618110.38
2021-04-15,maize,1.9288,1.419383324747958,4000310.7
2021-04-16,maize,1.9286,1.4192361468835089,5742055.0
2021-04-19,maize,1.9508,1.4355728898373687,15336995.59
2021-04-20,maize,1.9528,1.4370446684818603,7542543.07
2021-04-21,maize,1.9574,1.4404297593641917,5494443.9
2021-04-22,maize,1.9698,1.4495547869600414,6172691.38
2021-04-26,maize,1.9892,1.4638310398116126,9826479.16
2021-04-27,maize,1.986,1.4614761939804255,9307410.44
2021-04-28,maize,1.9755,1.4537493560968433,16311258.31
2021-04-29,maize,1.9797,1.456840091250276,11833786.05
2021-04-30,maize,1.9818,1.4583854588269929,2569965.83
2021-05-03,maize,2.0074,1.2718748020021542,10383887.54
2021-05-04,maize,2.011,1.2741557371855794,14871453.9
2021-05-05,maize,2.0418,1.2936704048659948,10715866.9
2021-05-06,maize,2.0705,1.311854527022746,12445043.22
2021-05-07,maize,2.0931,1.3261737312298043,10950575.9
2021-05-10,maize,2.1096,1.3366280174871696,3174130.16
2021-05-11,maize,2.1322,1.350947221694228,5201909.22
2021-05-12,maize,2.1484,1.3612114300196414,570930.96
2021-05-17,maize,2.1598,1.3684343914338213,6066235.75
2021-05-18,maize,2.1546,1.365139707279985,9655932.04
2021-05-20,maize,2.2704,1.4385097890134957,10115491.46
2021-05-21,maize,2.3361,1.4801368561110055,5442494.36
2021-05-24,maize,2.4392,1.5454603053918774,7998852.71
2021-05-25,maize,2.4947,1.5806247228030157,20661870.76
2021-05-26,maize,2.5015,1.5849331559272637,20354265.67
2021-05-27,maize,2.4677,1.5635177089273269,14571980.56
2021-05-28,maize,2.4046,1.523537983906735,16858041.04
2021-05-31,maize,2.4011,1.5213204080339606,14276114.29
2021-06-01,maize,2.439,1.4681273701318247,9587726.7
2021-06-02,maize,2.4882,1.4977427315957383,12415006.37
2021-06-03,maize,2.4899,1.4987660266056704,5588483.0
2021-06-04,maize,2.5126,1.512430024679468,5504336.35
2021-06-07,maize,2.4975,1.5033407572383075,6764795.95
2021-06-08,maize,2.4985,1.503942695479444,13783876.47
2021-06-09,maize,2.4777,1.4914223800638056,7102774.1
2021-06-10,maize,2.4564,1.478601095527599,10516816.54
2021-06-11,maize,2.4601,1.480828267019804,9916344.1
2021-06-14,maize,2.4556,1.4781195449346898,13309886.55
2021-06-15,maize,2.4431,1.470595316920484,9950756.15
2021-06-16,maize,2.4256,1.460061397700596,5398766.0
2021-06-17,maize,2.4081,1.449527478480708,6160115.15
2021-06-18,maize,2.4127,1.4522963943899356,5746029.89
2021-06-21,maize,2.4138,1.452958526455186,7896518.3
2021-06-22,maize,2.4333,1.4646963221573468,3568920.35
2021-06-23,maize,2.4115,1.451574068500572,3734478.85
2021-06-24,maize,2.3514,1.4153975802082708,3209311.4
2021-06-25,maize,2.3714,1.427436345031,1398851.18
2021-06-28,maize,2.3837,1.4348401853969786,1582788.58
2021-06-29,maize,2.3602,1.4206946367302715,1268047.6
2021-06-30,maize,2.3205,1.396797688557154,2700727.88
2021-07-01,maize,2.3384,1.343367610731315,4102828.39
2021-07-02,maize,2.3489,1.3493996668007122,790562.26
2021-07-05,maize,2.3778,1.3660021830298157,826366.1
2021-07-06,maize,2.3582,1.3547423450336071,3790299.7
2021-07-07,maize,2.3611,1.3564083414718215,5077665.8
2021-07-08,maize,2.3507,1.350433733555466,4160952.28
2021-07-09,maize,2.3542,1.352444418911932,7737301.2
2021-07-12,maize,2.3433,1.3461825702303671,4582619.36
2021-07-13,maize,2.3463,1.3479060148216233,6301719.75
2021-07-14,maize,2.3541,1.35238697075889,3213329.83
2021-07-16,maize,2.3687,1.3607744011030043,3745178.95
2021-07-19,maize,2.3737,1.3636468087550984,578159.4
2021-07-26,maize,2.3408,1.3447463664043202,5648862.83
2021-07-27,maize,2.3703,1.3616935715516745,6207007.6
2021-07-28,maize,2.3845,1.3698512092836217,3649108.88
2021-07-29,maize,2.3656,1.3589935083587064,1106889.2
2021-07-30,maize,2.381,1.3678405239271556,905883.18
2021-08-02,maize,2.3607,1.3329757199322416,834287.71
2021-08-03,maize,2.3607,1.3329757199322416,1468988.0
2021-08-04,maize,2.359,1.3320158102766797,3789999.71
2021-08-05,maize,2.3614,1.3333709768492377,709750.85
2021-08-06,maize,2.3551,1.3298136645962733,1169629.2
2021-08-09,maize,2.3475,1.3255223037831734,2271649.58
2021-08-10,maize,2.3454,1.3243365330321852,4205713.51
2021-08-11,maize,2.3437,1.323376623376623,1895120.4
2021-08-12,maize,2.3355,1.318746470920384,2082176.35
2021-08-13,maize,2.3301,1.3156973461321286,2537374.26
2021-08-16,maize,2.3416,1.3221908526256352,2674939.9
2021-08-17,maize,2.363,1.334274421230943,7565424.13
2021-08-18,maize,2.4057,1.3583850931677015,5624488.0
2021-08-19,maize,2.4393,1.377357425183512,1586202.5
2021-08-20,maize,2.4371,1.3761151891586674,985905.78
2021-08-23,maize,2.5316,1.429474872953134,8611329.94
2021-08-24,maize,2.5523,1.4411631846414454,4410390.65
2021-08-25,maize,2.5394,1.433879164313947,5832152.38
2021-08-26,maize,2.4804,1.4005646527385658,2762846.75
2021-08-27,maize,2.4707,1.3950875211744775,2996726.6
2021-08-31,maize,2.4757,1.3979107848673065,1966804.4
2021-09-01,maize,2.4863,1.331779956076919,2132493.5
2021-09-02,maize,2.462,1.3187637259628262,3244310.95
2021-09-03,maize,2.4715,1.3238523755959075,3351596.6
2021-09-06,maize,2.4947,1.3362793936472226,4702839.61
2021-09-07,maize,2.5273,1.3537414965986394,8348919.41
2021-09-08,maize,2.5038,1.341153784348385,1397068.4
2021-09-09,maize,2.5515,1.3667041619797524,3109275.94
2021-09-10,maize,2.5041,1.3413144785473246,2940519.9
2021-09-13,maize,2.4977,1.3378863356366169,3762820.5
2021-09-14,maize,2.5092,1.3440462799292945,4035276.4
2021-09-15,maize,2.5221,1.3509561304836897,2926671.9
2021-09-16,maize,2.5312,1.355830521184852,948064.56
2021-09-17,maize,2.5313,1.3558840859178316,4413582.2
2021-09-20,maize,2.5704,1.3768278965129357,4569918.32
2021-09-21,maize,2.5899,1.3872730194439982,6300056.03
2021-09-22,maize,2.5931,1.388987090899352,6394310.22
2021-09-23,maize,2.6085,1.3972360597782418,1878756.06
2021-09-24,maize,2.66,1.424821897262842,1567194.55
2021-09-27,maize,2.6511,1.4200546360276394,3251579.0
2021-09-28,maize,2.6571,1.4232685200064277,4298556.9
2021-09-29,maize,2.6782,1.4345706786651669,2313522.92
2021-09-30,maize,2.6814,1.4362847501205207,2753083.25
2021-10-01,maize,2.7032,1.3653214808828726,5198494.04
2021-10-04,maize,2.7543,1.391130865195212,298426.9
2021-10-05,maize,2.7111,1.3693115813929997,3728856.62
2021-10-06,maize,2.7087,1.3680993989595431,1823917.39
2021-10-07,maize,2.7158,1.371685438658518,2187161.85
2021-10-08,maize,2.7162,1.371887469064094,764925.2
2021-10-11,maize,2.711,1.369261073791605,2502470.49
2021-10-12,maize,2.6997,1.3635537148340824,5078779.0
2021-10-13,maize,2.6868,1.357038234254255,5206808.17
2021-10-14,maize,2.7297,1.378705995252285,4184415.17
2021-10-15,maize,2.7172,1.372392545078034,4163166.19
2021-10-18,maize,2.7683,1.3982019293903731,5847418.5
2021-10-19,maize,2.7494,1.388655992726905,3416704.32
2021-10-20,maize,2.787,1.407646850851053,4806205.55
2021-10-21,maize,2.7901,1.409212586494267,5028466.82
2021-10-22,maize,2.8699,1.449517652406687,6377199.65
2021-10-25,maize,2.9327,1.4812364260821254,2987478.72
2021-10-26,maize,2.896,1.4627001363705237,5174812.41
2021-10-27,maize,2.892,1.4606798323147632,5392777.22
2021-10-28,maize,2.8963,1.4628516591747056,3745581.25
2021-11-01,maize,2.8812,1.3240808823529413,6867868.94
2021-11-02,maize,2.8991,1.3323069852941176,8550183.2
2021-11-03,maize,2.8961,1.3309283088235295,8089245.4
2021-11-04,maize,2.8851,1.325873161764706,4358400.28
2021-11-05,maize,2.8972,1.331433823529412,7062981.09
2021-11-08,maize,2.8853,1.325965073529412,4726304.08
2021-11-09,maize,2.9032,1.3341911764705885,11465688.4
2021-11-10,maize,2.8877,1.3270680147058824,9093773.5
2021-11-11,maize,2.8973,1.3314797794117648,7850971.72
2021-11-12,maize,2.8925,1.3292738970588236,9468375.52
2021-11-15,maize,2.9131,1.3387408088235295,16674710.22
2021-11-16,maize,2.945,1.3534007352941178,19346711.46
2021-11-17,maize,3.1008,1.425,16823831.62
2021-11-18,maize,3.2662,1.501011029411765,9702849.54
2021-11-19,maize,3.3824,1.5544117647058826,16046032.7
2021-11-22,maize,3.3439,1.53671875,15465602.98
2021-11-23,maize,3.3486,1.5388786764705882,34651972.05
2021-11-24,maize,3.5124,1.614154411764706,28568200.61
2021-11-25,maize,3.583,1.6465992647058825,30075591.13
2021-11-26,maize,3.6529,1.6787224264705882,16875022.0
2021-11-29,maize,3.7427,1.7199908088235296,24931639.07
2021-11-30,maize,3.7854,1.7396139705882354,34526817.0
2021-12-01,maize,3.7987,1.5370018207566256,29193633.19
2021-12-02,maize,3.8514,1.5583249039045113,35783518.46
2021-12-03,maize,3.8779,1.569047137365972,32408716.05
2021-12-06,maize,3.9684,1.6056645761683188,33126473.55
2021-12-07,maize,4.009,1.6220918470564436,35417171.34
2021-12-08,maize,3.9908,1.614727898037629,15561969.18
2021-12-09,maize,3.9708,1.606635646368602,20024319.74
2021-12-10,maize,3.9151,1.584098725470362,12423823.45
2021-12-13,maize,3.9222,1.5869714748128667,43805046.61
2021-12-14,maize,3.9329,1.591300829455796,17088846.13
2021-12-15,maize,3.9455,1.5963989480072829,21824902.28
2021-12-16,maize,3.9641,1.603924742059478,22112662.45
2021-12-17,maize,4.1047,1.6608132712927373,36178290.46
2021-12-20,maize,4.4503,1.8006473801335223,33733800.47
2021-12-21,maize,3.9414,1.5947400364151323,17416384.0
2021-12-22,maize,3.8339,1.5512441836941129,17577119.32
2021-12-23,maize,3.5833,1.4498482702812057,6050921.43
2021-12-24,maize,3.3602,1.3595792029132103,8763924.63
2021-12-27,maize,3.2781,1.326360509811855,9447645.4
2021-12-28,maize,3.3599,1.3594578191381752,12969641.51
2021-12-29,maize,3.5723,1.4453975318632408,13544227.32
2021-12-30,maize,3.7425,1.5142625935666598,9384617.85
2021-12-31,maize,3.7343,1.5109447703823589,9999764.38
2022-01-03,maize,3.8741,1.5542405520340206,8261211.34
2022-01-04,maize,3.7944,1.5222659070849716,8047902.42
2022-01-05,maize,3.7952,1.5225868570970071,9015189.74
2022-01-06,maize,3.7774,1.5154457193292146,21818462.14
2022-01-07,maize,3.8025,1.5255155259568325,15336904.58
2022-01-10,maize,3.7815,1.517090588140897,11600281.02
2022-01-11,maize,3.774,1.5140816817780631,12118263.61
2022-01-12,maize,3.7328,1.4975527561582285,10341091.78
2022-01-13,maize,3.6934,1.481745968065474,6898713.48
2022-01-14,maize,3.7001,1.484433924416272,8917127.55
2022-01-17,maize,3.7261,1.49486479980743,14639909.91
2022-01-18,maize,3.7234,1.4937815935168095,10216976.34
2022-01-19,maize,3.721,1.492818743480703,12185776.9
2022-01-20,maize,3.7181,1.4916552996870738,11285669.21
2022-01-21,maize,3.6439,1.4618871860707694,7154501.47
2022-01-24,maize,3.6591,1.4679852362994463,8807775.18
2022-01-25,maize,3.6549,1.4663002487362593,11243447.31
2022-01-26,maize,3.676,1.474765305303699,9943496.36
2022-01-27,maize,3.6796,1.4762095803578594,10003425.57
2022-01-28,maize,3.6766,1.4750060178127258,9419782.12
2022-01-31,maize,3.6582,1.4676241675359063,9635374.08
2022-02-01,maize,3.6699,1.3230586199437595,8520313.4
2022-02-02,maize,3.675,1.3248972528661045,7808712.6
2022-02-03,maize,3.6825,1.327601124810729,11817223.63
2022-02-04,maize,3.7092,1.3372269089335929,6666094.45
2022-02-07,maize,3.7127,1.3384887158410843,10553433.3
2022-02-08,maize,3.7238,1.342490446319129,10696454.92
2022-02-09,maize,3.7549,1.3537025019828397,9508420.81
2022-02-10,maize,3.7678,1.358353161727594,11744074.98
2022-02-11,maize,3.769,1.3587857812387338,6869141.05
2022-02-14,maize,3.8166,1.3759463551806188,7825349.19
2022-02-15,maize,3.8311,1.3811738409402263,7000793.24
2022-02-16,maize,3.8364,1.3830845771144278,11409193.88
2022-02-17,maize,3.8267,1.37958756939938,6692284.05
2022-02-18,maize,3.8114,1.3740716706323457,6655845.92
2022-02-21,maize,3.847,1.3869060494628307,13158169.95
2022-02-22,maize,3.8752,1.3970726079746196,19447894.71
2022-02-23,maize,3.8771,1.397757588867258,8680345.89
2022-02-24,maize,4.0149,1.4474367293964958,19835499.08
2022-02-25,maize,4.1201,1.485363039873098,38072953.74
2022-02-28,maize,4.175,1.505155382507751,32677181.61
2022-03-01,maize,4.2363,1.3129300192152729,34406914.63
2022-03-02,maize,4.4115,1.3672286617492098,67127348.81
2022-03-03,maize,4.7879,1.4838839645447215,65733024.07
2022-03-04,maize,4.9032,1.5196181739292134,72877964.14
2022-03-07,maize,4.8665,1.5082439719828922,41730097.83
2022-03-08,maize,4.9019,1.5192152730428314,37335788.64
2022-03-09,maize,4.9017,1.5191532882910803,42604932.38
2022-03-10,maize,4.816,1.4925928221657472,36228017.64
2022-03-11,maize,4.7582,1.4746792289096882,21729174.18
2022-03-14,maize,4.7104,1.4598648732411823,25242080.74
2022-03-15,maize,4.7108,1.4599888427446848,29644667.56
2022-03-16,maize,4.6993,1.4564247195189983,25742234.64
2022-03-17,maize,4.7051,1.4582222773197793,28009091.06
2022-03-18,maize,4.7648,1.4767247257174734,29928050.59
2022-03-21,maize,4.9021,1.5192772577945823,30022033.26
2022-03-22,maize,4.9633,1.5382445918304095,39333161.61
2022-03-23,maize,4.9521,1.5347734457323496,30351985.05
2022-03-24,maize,4.9384,1.530527490237401,35784741.52
2022-03-25,maize,4.9763,1.5422736006942293,45821927.52
2022-03-28,maize,5.0626,1.5690200210748155,22317418.07
2022-03-29,maize,5.1023,1.581323994297403,40843463.34
2022-03-30,maize,5.1162,1.585631934544102,36777118.02
2022-03-31,maize,5.107,1.582780635963553,20851159.95
2022-04-01,maize,5.1276,1.458403253789926,42251275.92
2022-04-04,maize,5.1234,1.4572086805654316,29186327.13
2022-04-05,maize,5.1373,1.4611621490941151,28190097.14
2022-04-06,maize,5.1392,1.461702551267101,36436634.32
2022-04-07,maize,5.1584,1.467163457436219,36300238.55
2022-04-08,maize,5.1906,1.4763218521573425,23755539.2
2022-04-11,maize,5.1604,1.4677323018288349,25720409.16
2022-04-12,maize,5.1697,1.470377428254501,26696990.16
2022-04-13,maize,5.1706,1.4706334082311787,19740948.81
2022-04-14,maize,5.1504,1.464888079865753,15166557.91
2022-04-15,maize,5.1766,1.4723399414090277,14736551.01
2022-04-18,maize,5.1578,1.4669928041184337,20836500.01
2022-04-19,maize,5.1608,1.4678460707073582,25161082.23
2022-04-20,maize,5.1582,1.4671065729969568,14500554.28
2022-04-21,maize,5.1953,1.4776586364799909,31037280.02
2022-04-22,maize,5.1959,1.477829289797776,15408715.04
2022-04-25,maize,5.2136,1.482863562672431,28579633.21
2022-04-26,maize,5.2068,1.4809294917375355,20705183.45
2022-04-27,maize,5.212,1.4824084871583378,15765506.76
2022-04-28,maize,5.2036,1.4800193407093492,15804288.98
2022-04-29,maize,5.2169,1.483802155920248,21700817.55
2022-05-05,maize,5.2434,1.2630133686619296,22837756.1
2022-05-06,maize,5.3017,1.277056485607612,23661823.75
2022-05-09,maize,5.4417,1.3107792364205708,41140366.19
2022-05-10,maize,5.5989,1.3486450680476938,43900681.19
2022-05-11,maize,5.9512,1.4335059617005903,41350045.18
2022-05-12,maize,6.0254,1.4513790196314589,36065196.71
2022-05-13,maize,5.8626,1.412164277971817,21384027.95
2022-05-16,maize,5.8375,1.4061182705046371,20839821.24
2022-05-17,maize,5.9256,1.4273395158376492,24731140.09
2022-05-18,maize,5.9959,1.444273154281585,33388623.41
2022-05-20,maize,5.995,1.444056365169216,26670772.39
2022-05-23,maize,6.0187,1.449765145128267,28983173.45
2022-05-24,maize,6.0344,1.4535469107551486,25976344.81
2022-05-25,maize,6.0404,1.4549921715042755,52557240.92
2022-05-26,maize,6.1127,1.472407563531254,44591759.09
2022-05-27,maize,6.2244,1.499313501144165,45907645.92
2022-05-30,maize,6.2699,1.5102733951583764,21154697.02
2022-05-31,maize,6.2506,1.5056244730820187,39465109.25
2022-06-01,maize,6.2276,1.3309966017653725,24422790.24
2022-06-02,maize,6.2129,1.327854837675522,40823925.06
2022-06-03,maize,6.1385,1.311953664322811,17000594.05
2022-06-06,maize,6.2011,1.3253328773857105,46890337.81
2022-06-07,maize,6.2188,1.329115817820428,33800512.67
2022-06-08,maize,6.2738,1.34087071747633,64527576.67
2022-06-09,maize,6.3711,1.361666203594862,46728692.65
2022-06-10,maize,6.3974,1.367287182884866,41172717.2
2022-06-13,maize,6.493,1.387719335741307,25251546.26
2022-06-14,maize,6.4716,1.3831456111479192,24439520.81
2022-06-15,maize,6.4695,1.3826967877065122,37816195.96
2022-06-16,maize,6.4525,1.379063455085597,17093918.87
2022-06-17,maize,6.4188,1.3718609074782535,9631352.98
2022-06-20,maize,6.3601,1.3593152236636816,18121413.93
2022-06-21,maize,6.2095,1.327128171151339,12840957.66
2022-06-22,maize,6.1535,1.315159546047148,30428124.85
2022-06-23,maize,6.0326,1.2893201393489924,16569655.03
2022-06-24,maize,5.9571,1.273183868003163,16950148.2
2022-06-27,maize,5.8001,1.23962897262177,13977730.18
2022-06-28,maize,5.6768,1.2132766248477207,17892075.63
2022-06-29,maize,5.7835,1.2360811301801706,18030390.44
2022-06-30,maize,5.7784,1.234991130393896,14899123.15
2022-07-01,maize,5.8856,1.3163062196676585,19971221.5
2022-07-04,maize,6.0037,1.3427191197190975,8757164.38
2022-07-05,maize,5.9775,1.3368595263122582,14766625.17
2022-07-06,maize,5.9945,1.3406615525686043,7552211.62
2022-07-07,maize,5.9652,1.3341086484914904,7550238.54
2022-07-08,maize,5.9455,1.329702771006195,3084869.43
2022-07-13,maize,5.949,1.3304855411177958,3555989.84
2022-07-14,maize,5.8931,1.3179835841925167,7174347.51
2022-07-18,maize,5.8456,1.3073602755350793,12058530.21
2022-07-19,maize,5.83,1.3038713573233736,12420063.36
2022-07-20,maize,5.8068,1.2986827097264777,10794430.89
2022-07-21,maize,5.7887,1.294634670006486,26862497.1
2022-07-22,maize,5.7774,1.2921074407890325,14021060.72
2022-07-25,maize,5.7454,1.284950685482969,26445284.28
2022-07-26,maize,5.716,1.2783754165455237,17681337.7
2022-07-27,maize,5.7137,1.2778610247579003,21283273.57
2022-07-28,maize,5.6663,1.2672600809607943,29449733.35
2022-07-29,maize,5.6719,1.2685125131393555,11240298.78
2022-08-01,maize,5.638,1.2916676212513458,28767022.57
2022-08-02,maize,5.6432,1.2928589429311097,23387663.0
2022-08-03,maize,5.6633,1.2974638594240415,29278115.35
2022-08-04,maize,5.6823,1.3018167655616393,18108153.64
2022-08-05,maize,5.717,1.3097665467708308,24861729.66
2022-08-08,maize,5.6497,1.294348095030814,12867049.14
2022-08-09,maize,5.5987,1.2826639785562095,12846634.55
2022-08-10,maize,5.6422,1.292629842608078,13894852.76
2022-08-11,maize,5.5602,1.2738436161194988,11421539.36
2022-08-12,maize,5.5841,1.279319113839951,7327296.51
2022-08-15,maize,5.5826,1.2789754633554034,11120781.2
2022-08-16,maize,5.5894,1.2805333455520174,9508267.92
2022-08-17,maize,5.5845,1.279410753969163,19641052.66
2022-08-18,maize,5.5497,1.2714380627276682,4956101.38
2022-08-19,maize,5.5713,1.2763866297051478,9263641.4
2022-08-22,maize,5.5625,1.274370546862471,5004430.44
2022-08-23,maize,5.6015,1.283305459460698,5660142.22
2022-08-24,maize,5.5145,1.2633737313569613,14667039.53
2022-08-25,maize,5.5272,1.2662833054594609,8957569.89
2022-08-26,maize,5.5236,1.2654585442965474,10874708.35
2022-08-29,maize,5.5094,1.262205319709501,11289338.79
2022-08-31,maize,5.5234,1.265412724231941,12314102.45
2022-09-01,maize,5.5364,1.2972491681896998,11978370.47
2022-09-02,maize,5.5207,1.2935704578471343,15262951.16
2022-09-05,maize,5.5401,1.2981161254041895,26566133.5
2022-09-06,maize,5.5199,1.293383007638596,29346044.89
2022-09-07,maize,5.5396,1.2979989690238531,15402112.9
2022-09-08,maize,5.5304,1.295843291625662,13659952.09
2022-09-09,maize,5.5149,1.2922114438352312,9001493.75
2022-09-12,maize,5.534,1.2966868175640849,17134102.47
2022-09-13,maize,5.5472,1.2997797460049676,15737493.17
2022-09-14,maize,5.5627,1.3034115937953985,22278858.19
2022-09-15,maize,5.6031,1.3128778293265853,13799762.66
2022-09-16,maize,5.5946,1.310886170860865,13027449.63
2022-09-19,maize,5.6069,1.3137682178171426,20954176.46
2022-09-20,maize,5.609,1.3142602746145555,10016572.08
2022-09-21,maize,5.6552,1.3250855241576456,40886433.91
2022-09-22,maize,5.6592,1.3260227752003375,19547805.85
2022-09-23,maize,5.6629,1.3268897324148272,23884360.07
2022-09-26,maize,5.6458,1.3228829842073202,15282071.57
2022-09-27,maize,5.6402,1.3215708327475515,14254792.04
2022-09-28,maize,5.6228,1.3174937907118422,22894811.35
2022-09-29,maize,5.6312,1.3194620179014949,20878860.74
2022-09-30,maize,5.632,1.3196494681100333,21471359.1
2022-10-03,maize,5.6354,1.3628536880290203,20665614.2
2022-10-04,maize,5.6369,1.3632164449818622,16484806.81
2022-10-05,maize,5.6117,1.3571221281741237,22803678.66
2022-10-06,maize,5.5699,1.3470133010882708,8020573.33
2022-10-07,maize,5.5687,1.3467230955259977,11199597.21
2022-10-10,maize,5.5318,1.3377992744860945,9806066.76
2022-10-11,maize,5.5776,1.348875453446191,15318048.55
2022-10-12,maize,5.5654,1.3459250302297463,12454161.39
2022-10-13,maize,5.5344,1.338428053204353,10925041.85
2022-10-14,maize,5.5569,1.343869407496977,8285547.1
2022-10-17,maize,5.5368,1.3390084643288998,9980883.45
2022-10-18,maize,5.5701,1.3470616686819832,11142075.35
2022-10-19,maize,5.5998,1.3542442563482469,6741787.88
2022-10-20,maize,5.5731,1.3477871825876664,8399975.77
2022-10-21,maize,5.5359,1.3387908101571946,4820590.28
2022-10-24,maize,5.54,1.3397823458282951,11143227.36
2022-10-25,maize,5.5637,1.3455139056831924,9621201.63
2022-10-26,maize,5.5366,1.3389600967351876,5254066.6
2022-10-27,maize,5.5561,1.3436759371221283,6515202.4
2022-10-28,maize,5.4731,1.32360338573156,1558021.5
2022-10-31,maize,5.5607,1.344788391777509,21227535.07
2022-11-01,maize,5.6026,1.396077845057437,8882138.58
2022-11-02,maize,5.585,1.3916922080187386,11928205.54
2022-11-03,maize,5.4989,1.3702374722782886,13695548.43
2022-11-04,maize,5.5496,1.3828710971568114,6795081.05
2022-11-07,maize,5.5223,1.376068376068376,23289125.05
2022-11-08,maize,5.5116,1.3734021080959855,10543019.27
2022-11-09,maize,5.5249,1.3767162542672746,13244870.04
2022-11-10,maize,5.4901,1.3680446537589397,11951626.77
2022-11-11,maize,5.4852,1.3668236525379382,16834016.03
2022-11-14,maize,5.4378,1.3550123346041714,18444168.66
2022-11-15,maize,5.4269,1.3522962298472505,16441558.22
2022-11-16,maize,5.4194,1.3504273504273503,19468440.3
2022-11-17,maize,5.4104,1.3481846951234706,10538572.18
2022-11-18,maize,5.4162,1.3496299618748595,12332143.2
2022-11-21,maize,5.3456,1.332037576935536,12134727.04
2022-11-22,maize,5.3026,1.3213226682614438,14906280.32
2022-11-23,maize,5.2782,1.315242580548703,9492662.45
2022-11-24,maize,5.2749,1.314420273603947,15752525.02
2022-11-25,maize,5.2621,1.3112307193939847,9551609.54
2022-11-28,maize,5.2857,1.317111459968603,12282645.43
2022-11-29,maize,5.3177,1.3250853454935088,16140452.7
2022-11-30,maize,5.3187,1.325334529416162,12973432.65
2022-12-01,maize,5.3215,1.336086770945793,8892587.68
2022-12-02,maize,5.2971,1.3299605814858522,12027874.05
2022-12-05,maize,5.3065,1.3323206708679605,7095057.97
2022-12-06,maize,5.4896,1.378292199151372,10833771.15
2022-12-07,maize,5.3458,1.3421878530718825,13283555.57
2022-12-08,maize,5.3546,1.3443972984508774,8926894.3
2022-12-09,maize,5.3358,1.3396771196866604,7031549.76
2022-12-12,maize,5.3424,1.3413342037209068,9853745.36
2022-12-13,maize,5.3434,1.341585277059429,10316477.42
2022-12-14,maize,5.4047,1.3569760727108389,11035973.53
2022-12-15,maize,5.4242,1.3618720028120217,13569069.73
2022-12-16,maize,5.4564,1.3699565643124358,9048244.62
2022-12-19,maize,5.5051,1.382183835898466,12382298.21
2022-12-20,maize,5.4865,1.3775138718019535,6156895.76
2022-12-21,maize,5.486,1.3773883351326923,13495583.37
2022-12-22,maize,5.5182,1.385472896633107,17334534.93
2022-12-23,maize,5.5137,1.3843430666097567,7014633.56
2022-12-26,maize,5.5097,1.383338773255668,8744433.39
2022-12-27,maize,5.4953,1.3797233171809486,5208349.7
2022-12-28,maize,5.5138,1.384368173943609,13132380.0
2022-12-29,maize,5.5229,1.3866529413241608,8726495.39
2022-12-30,maize,5.4879,1.3778653744758844,4645766.44
2023-01-02,maize,5.4451,1.3362208588957056,5748044.65
2023-01-03,maize,5.4536,1.3383067484662576,5452511.29
2023-01-04,maize,5.4612,1.3401717791411043,4118109.46
2023-01-05,maize,5.466,1.341349693251534,4842847.74
2023-01-06,maize,5.4791,1.344564417177914,4357588.95
2023-01-09,maize,5.4764,1.3439018404907974,9879496.0
2023-01-10,maize,5.4588,1.3395828220858896,8361079.49
2023-01-11,maize,5.4745,1.343435582822086,8306303.35
2023-01-12,maize,5.4654,1.34120245398773,9883161.71
2023-01-13,maize,5.4403,1.335042944785276,8368497.15
2023-01-16,maize,5.4796,1.344687116564417,8561269.79
2023-01-17,maize,5.493,1.3479754601226994,8067477.05
2023-01-18,maize,5.5177,1.3540368098159508,6096727.6
2023-01-19,maize,5.4721,1.3428466257668712,6497033.72
2023-01-20,maize,5.5026,1.3503312883435583,6983556.59
2023-01-23,maize,5.503,1.3504294478527608,5733779.13
2023-01-24,maize,5.4744,1.3434110429447854,13293165.89
2023-01-25,maize,5.4654,1.34120245398773,9119048.04
2023-01-26,maize,5.4838,1.3457177914110428,15325713.0
2023-01-27,maize,5.5043,1.3507484662576683,11199579.12
2023-01-30,maize,5.4481,1.336957055214724,11152519.73
2023-01-31,maize,5.4529,1.3381349693251532,8500348.64
2023-02-01,maize,5.4636,1.290045334340763,11688447.66
2023-02-02,maize,5.4242,1.280742349829996,9969901.51
2023-02-03,maize,5.4794,1.2937759727993956,9542734.11
2023-02-06,maize,5.4425,1.2850632791839818,3998777.43
2023-02-07,maize,5.4609,1.2894078201737815,2084140.53
2023-02-08,maize,5.44,1.2844729882886288,9207237.15
2023-02-09,maize,5.4815,1.2942718171514922,6881221.58
2023-02-10,maize,5.484,1.2948621080468454,7844657.14
2023-02-13,maize,5.4619,1.289643936531923,14191320.22
2023-02-14,maize,5.4632,1.2899508877975066,7717016.5
2023-02-15,maize,5.4922,1.2967982621836045,11902136.44
2023-02-16,maize,5.502,1.2991122024933888,6113792.94
2023-02-17,maize,5.5181,1.3029136758594635,11580184.87
2023-02-20,maize,5.4951,1.297482999622214,3283812.53
2023-02-21,maize,5.4873,1.295641292028712,8940818.9
2023-02-22,maize,5.5114,1.3013316962599168,8153553.93
2023-02-23,maize,5.5102,1.3010483566301474,7222067.37
2023-02-24,maize,5.5099,1.3009775217227049,7122623.8
2023-02-27,maize,5.493,1.296987155270117,11324472.73
2023-02-28,maize,5.4751,1.292760672459388,5097114.0
2023-03-01,maize,5.4372,1.2720084220376653,7013849.29
2023-03-02,maize,5.44,1.2726634694116272,7325677.04
2023-03-03,maize,5.3918,1.261387296759855,3229532.41
2023-03-06,maize,5.407,1.2649432682185051,967861.0
2023-03-07,maize,5.4145,1.26669785939876,11921111.69
2023-03-08,maize,5.3996,1.2632120715873203,10687868.65
2023-03-09,maize,5.4332,1.2710726400748626,7645762.74
2023-03-10,maize,5.3989,1.26304830974383,3593928.0
2023-03-13,maize,5.3631,1.2546730611767458,7882187.63
2023-03-14,maize,5.3819,1.2590712364019183,6554933.51
2023-03-15,maize,5.3576,1.253386360977892,8818117.35
2023-03-16,maize,5.3435,1.2500877295590127,7707568.2
2023-03-17,maize,5.3456,1.2505790150894842,4791705.33
2023-03-20,maize,5.3547,1.2527079190548602,10376182.56
2023-03-21,maize,5.3602,1.253994619253714,7433638.31
2023-03-22,maize,5.352,1.2520762662299685,5284904.25
2023-03-23,maize,5.3276,1.2463679962568723,5077869.06
2023-03-24,maize,5.3248,1.2457129488829102,6814905.0
2023-03-27,maize,5.3117,1.2426482629547315,3898139.0
2023-03-28,maize,5.291,1.237805591297228,7949113.74
2023-03-29,maize,5.2842,1.236214761960463,4113412.2
2023-03-30,maize,5.2638,1.2314422739501696,5181792.18
2023-03-31,maize,5.3147,1.2433500994268336,2454285.58
2023-04-03,maize,5.2865,1.2563870998407682,3803912.6
2023-04-04,maize,5.3176,1.2637783111913872,11827802.37
2023-04-05,maize,5.309,1.2617344392423415,8266186.47
2023-04-06,maize,5.3017,1.2599995246809423,6892297.82
2023-04-07,maize,5.3272,1.266059842669392,4424305.0
2023-04-10,maize,5.311,1.2622097583002592,4513173.65
2023-04-11,maize,5.3678,1.2757088195451198,7654475.55
2023-04-12,maize,5.3127,1.2626137794994892,8857021.2
2023-04-13,maize,5.3837,1.2794876060555649,10771985.7
2023-04-14,maize,5.384,1.2795589039142523,9817468.15
2023-04-17,maize,5.4415,1.2932243268293842,4706740.48
2023-04-18,maize,5.3986,1.2830287330370511,9056941.28
2023-04-19,maize,5.4472,1.2945789861444494,7145998.7
2023-04-20,maize,5.4591,1.2974071345390594,1004583.0
2023-04-24,maize,5.4664,1.2991420491004588,3546829.2
2023-04-25,maize,5.6826,1.3505240392613542,27965279.34
2023-04-26,maize,5.7207,1.3595788673146851,25890207.49
2023-04-27,maize,5.7758,1.3726739073603158,13553544.09
2023-04-28,maize,5.7493,1.366375929842907,11881636.53
2023-05-02,maize,5.7662,1.2848325497448696,8718600.59
2023-05-03,maize,5.7496,1.281133715100604,13354833.12
2023-05-04,maize,5.6966,1.2693241828026471,11892905.96
2023-05-05,maize,5.6479,1.2584727823703736,7888491.2
2023-05-08,maize,5.6573,1.2605673031930302,10620122.79
2023-05-09,maize,5.6561,1.2602999175560954,12651125.17
2023-05-10,maize,5.6457,1.2579825753693263,9731651.79
2023-05-11,maize,5.6342,1.2554201296820338,11900134.8
2023-05-12,maize,5.6506,1.259074400053477,11519638.87
2023-05-15,maize,5.6807,1.26578132311326,5050226.2
2023-05-16,maize,5.6803,1.2656921945676152,10295418.1
2023-05-17,maize,5.6579,1.2607009960114974,13185022.54
2023-05-18,maize,5.666,1.262505849060808,14107446.6
2023-05-22,maize,5.5955,1.2467969428908845,11438018.35
2023-05-23,maize,5.5251,1.231110318857372,14170113.8
2023-05-24,maize,5.4766,1.220303482697921,5763711.91
2023-05-25,maize,5.4684,1.2184763475121994,6401132.7
2023-05-26,maize,5.4784,1.2207045611533234,7640044.92
2023-05-29,maize,5.4916,1.223645803159607,5376944.02
2023-05-30,maize,5.4855,1.2222865928385214,7541332.88
2023-05-31,maize,5.5132,1.2284587446244346,7198533.58
2023-06-01,maize,5.4081,1.2092706050713296,6383018.5
2023-06-02,maize,5.5136,1.232860784401413,9664005.9
2023-06-05,maize,5.484,1.2262421179732568,6494475.48
2023-06-06,maize,5.45,1.2186395957246992,8949671.1
2023-06-07,maize,5.5982,1.251777648584589,10544379.7
2023-06-08,maize,5.5993,1.2520236125396895,10002535.15
2023-06-09,maize,5.5907,1.2501006216179955,16863798.2
2023-06-12,maize,5.5339,1.2373999373909932,12900363.4
2023-06-13,maize,5.501,1.2300433790975358,17647567.92
2023-06-14,maize,5.4064,1.2088904789589014,19270091.41
2023-06-15,maize,5.379,1.202763740440946,24780574.61
2023-06-16,maize,5.3246,1.1905997048432535,23829195.65
2023-06-19,maize,5.3233,1.190309020169044,29188533.7
2023-06-20,maize,5.2697,1.1783238674477885,26059685.38
2023-06-21,maize,5.2372,1.171056750592549,27698883.16
2023-06-22,maize,5.2385,1.171347435266759,29344400.74
2023-06-23,maize,5.265,1.177272930548723,18796533.8
2023-06-26,maize,5.2035,1.1635213094226553,11883307.7
2023-06-27,maize,5.3282,1.1914046777872187,896795.8
2023-07-03,maize,5.191,1.2105029965254297,22476697.89
2023-07-04,maize,5.1845,1.208987244362568,33297154.8
2023-07-05,maize,5.1866,1.2094769489074926,35946376.44
2023-07-06,maize,5.1714,1.2059324207728006,43182715.05
2023-07-07,maize,5.1578,1.202761000862813,44508868.58
2023-07-10,maize,5.1596,1.2031807476156051,56276416.93
2023-07-11,maize,5.1855,1.2092204370030084,40575028.48
2023-07-12,maize,5.2019,1.2130447963062287,53782184.97
2023-07-13,maize,5.2031,1.213324627474757,44046686.6
2023-07-14,maize,5.2119,1.2153767227106314,23720962.84
2023-07-17,maize,5.3022,1.2364340181423874,33367409.33
2023-07-18,maize,5.2369,1.221206538721638,29771440.58
2023-07-19,maize,5.2531,1.2249842594967704,38618847.8
2023-07-20,maize,5.3447,1.2463447053610988,41631873.36
2023-07-21,maize,5.3084,1.2378798125131172,33518433.01
2023-07-24,maize,5.3512,1.247860457523961,46420009.82
2023-07-25,maize,5.3641,1.25086864258564,60943976.68
2023-07-26,maize,5.3314,1.2432432432432434,52592483.68
2023-07-27,maize,5.2904,1.2336823449851924,59534596.16
2023-07-28,maize,5.3171,1.2399085884849474,58624771.85
2023-07-31,maize,5.3821,1.255066110113565,61197411.14
2023-08-11,maize,5.9,1.2947966730309215,5900.0
2023-08-15,maize,5.75,1.2618781135470845,89125.0
2023-08-18,maize,5.5475,1.2174380582439046,68289.5
2023-08-21,maize,5.7729,1.2669036802949505,125907.5
2023-08-22,maize,5.7801,1.2684837711501744,454544.0
2023-08-23,maize,5.7274,1.2569183839181863,383039.8
2023-08-24,maize,5.6322,1.2360260714991111,349592.0
2023-08-25,maize,5.6,1.2289595540632474,1692320.0
2023-08-28,maize,5.5681,1.2219588737463514,3713078.15
2023-08-29,maize,5.5174,1.2108324006408149,5252815.52
2023-08-31,maize,5.5388,1.215528781793842,10472882.13
2023-09-01,maize,5.5324,1.212102622527003,4429886.45
2023-09-04,maize,5.5629,1.2187849177310868,8021250.3
2023-09-05,maize,5.5398,1.213723900707666,4342020.2
2023-09-06,maize,5.5622,1.218631553578862,4996014.26
2023-09-07,maize,5.5937,1.2255329404289814,5799124.6
2023-09-08,maize,5.5415,1.2140963565059264,665088.0
2023-09-11,maize,5.5393,1.213614354884648,2584846.1
2023-09-12,maize,5.5623,1.2186534627434655,3030434.15
2023-09-13,maize,5.5762,1.2216988366233594,2277707.75
2023-09-14,maize,5.5687,1.220055649278093,6626870.5
2023-09-15,maize,5.4902,1.2028569550643031,1364354.25
2023-09-18,maize,5.5835,1.2232982056394188,2230984.0
2023-09-19,maize,5.5199,1.2093639769515587,2238507.33
2023-09-20,maize,5.5965,1.226146397037881,3551988.0
2023-09-21,maize,5.5793,1.2223780207260695,5054463.81
2023-09-22,maize,5.6147,1.2301338649957276,2476100.0
2023-09-25,maize,5.5994,1.226781762811384,2930675.3
2023-09-26,maize,5.5559,1.217251276208838,879660.1
2023-09-27,maize,5.565,1.2192450101877617,4104544.6
2023-09-28,maize,5.5385,1.2134390815678198,5746576.23
2023-09-29,maize,5.5142,1.2081151545691562,337384.5
2023-10-02,maize,5.5354,1.2215381220346464,422003.5
2023-10-03,maize,5.5923,1.2340946706388614,6041999.0
2023-10-04,maize,5.5886,1.2332781639633676,5795794.0
2023-10-05,maize,5.55,1.2247600132406489,295593.0
2023-10-06,maize,5.4576,1.204369414101291,1970527.0
2023-10-09,maize,5.4928,1.212137261392475,2030119.46
2023-10-10,maize,5.4945,1.2125124131082423,4970180.0
2023-10-11,maize,5.4993,1.2135716650115855,3913089.42
2023-10-12,maize,5.4945,1.2125124131082423,3845038.0
2023-10-13,maize,5.4932,1.2122255323844202,2152770.0
2023-10-16,maize,5.4291,1.1980801059251904,270316.7
2023-10-17,maize,5.438,1.2000441354959728,1206643.91
2023-10-18,maize,5.4454,1.2016771488469604,511935.6
2023-10-19,maize,5.4696,1.207017543859649,5860078.05
2023-10-20,maize,5.4287,1.1979918349332452,719520.0
2023-10-23,maize,5.4985,1.2133951230276951,1705293.0
2023-10-24,maize,5.5037,1.2145426459229838,2271804.6
2023-10-25,maize,5.5023,1.2142336974511752,2924014.7
2023-10-26,maize,5.427,1.1976166832174775,2531879.25
2023-10-27,maize,5.4882,1.2111221449851044,1114205.4
2023-10-30,maize,5.5275,1.2197947699437273,2537779.0
2023-10-31,maize,5.4937,1.2123358711243517,5301114.95
2023-11-01,maize,5.4361,1.197009732681552,1551354.0
2023-11-02,maize,5.5003,1.2111463425375435,1764386.0
2023-11-03,maize,5.4016,1.1894129563570706,1538445.4
2023-11-06,maize,5.4542,1.2009952877967147,3098148.92
2023-11-07,maize,5.4697,1.204408332232351,3954364.21
2023-11-08,maize,5.5722,1.2269784647905932,2864100.0
2023-11-09,maize,5.5081,1.212863874576122,4123880.8
2023-11-10,maize,5.4415,1.1981987933236449,816067.0
2023-11-13,maize,5.542,1.220328533051482,2980318.25
2023-11-14,maize,5.6011,1.2333421411899417,7769855.35
2023-11-15,maize,5.6416,1.2422600960056371,7757640.9
2023-11-16,maize,5.7335,1.262496146562734,11572309.45
2023-11-17,maize,5.8173,1.280948606156692,5622306.5
2023-11-20,maize,5.8342,1.2846699255736118,6859367.56
2023-11-21,maize,5.9001,1.2991808693354474,7720632.65
2023-11-22,maize,5.8146,1.2803540758356455,12969834.42
2023-11-23,maize,5.871,1.292773153653059,6215568.45
2023-11-24,maize,5.9299,1.3057427225084777,16226514.31
2023-11-27,maize,5.9713,1.3148588540978554,9320777.6
2023-11-28,maize,5.9963,1.3203637644779145,17337391.94
2023-11-29,maize,6.0046,1.322191394724094,19796496.71
2023-11-30,maize,6.0515,1.3325186065970849,6809181.59
2023-12-01,maize,6.0029,1.2910017635167104,19687988.59
2023-12-04,maize,6.0502,1.3011742440535077,17321365.53
2023-12-05,maize,6.0214,1.2949804292657747,22577282.1
2023-12-06,maize,6.0485,1.3008086369306204,14625406.44
2023-12-07,maize,6.0461,1.3002924856983096,15796928.5
2023-12-08,maize,6.0539,1.3019699772033204,16695139.85
2023-12-11,maize,6.0866,1.3090025377435588,16963494.63
2023-12-12,maize,6.1056,1.3130887349993547,24345122.33
2023-12-13,maize,6.1316,1.3186803733493913,39368690.94
2023-12-14,maize,6.1558,1.3238848982751945,10746305.7
2023-12-15,maize,6.2076,1.335025162372575,22513120.36
2023-12-18,maize,6.2378,1.341520065379156,23981141.4
2023-12-19,maize,6.2362,1.3411759645576151,25750215.68
2023-12-20,maize,6.1647,1.3257989590950148,7102404.16
2023-12-21,maize,6.2166,1.3369607294937416,21748023.4
2023-12-22,maize,6.2906,1.3528753924899994,23598459.14
2023-12-25,maize,6.2764,1.3498214976988256,10671382.7
2023-12-26,maize,6.2901,1.3527678609832678,18971435.9
2023-12-27,maize,6.2821,1.3510473568755643,23703012.73
2023-12-28,maize,6.2498,1.3441008215407113,5091221.7
2023-12-29,maize,6.25,1.344143834143404,14572740.93
2024-01-02,maize,6.2472,1.3066722443003556,4684008.8
2024-01-03,maize,6.2576,1.3088475214390296,4847978.57
2024-01-04,maize,6.2672,1.3108554695670362,13300953.88
2024-01-05,maize,6.3233,1.322589416440075,1727285.4
2024-01-08,maize,6.2143,1.299790838736666,10415963.87
2024-01-09,maize,6.2793,1.313386320853378,10665463.2
2024-01-10,maize,6.3461,1.3273582932440913,5368820.1
2024-01-11,maize,6.2518,1.307634386111692,4532420.26
2024-01-12,maize,6.2825,1.3140556368960468,18796993.4
2024-01-15,maize,6.278,1.3131144112110436,5872525.8
2024-01-16,maize,6.3498,1.328132189918427,9515909.3
2024-01-17,maize,6.2609,1.309537753608032,11608209.78
2024-01-18,maize,6.3157,1.3209997908387363,7165580.58
2024-01-19,maize,6.2266,1.3023635222756746,1413308.4
2024-01-22,maize,6.3274,1.3234469776197448,5175080.1
2024-01-23,maize,6.3559,1.3294080736247649,9657287.0
2024-01-24,maize,6.3334,1.324701945199749,11821992.05
2024-01-25,maize,6.3924,1.337042459736457,8970275.5
2024-01-26,maize,6.4841,1.3562225475841874,5401965.1
2024-01-29,maize,6.4539,1.3499058774314996,10832153.28
2024-01-30,maize,6.4004,1.338715749843129,8750791.49
2024-01-31,maize,6.4086,1.340430872202468,9077573.31
2024-02-01,maize,6.5505,1.3096809021113245,11152869.84
2024-02-02,maize,6.5462,1.3088211772232885,18277054.36
2024-02-05,maize,6.615,1.3225767754318618,21698246.56
2024-02-06,maize,6.7025,1.3400711772232885,20765902.0
2024-02-07,maize,6.7014,1.3398512476007676,15535542.84
2024-02-08,maize,6.6565,1.33087412028151,17897523.59
2024-02-09,maize,6.6567,1.3309141074856046,8700150.5
2024-02-12,maize,6.6696,1.333493282149712,9994237.52
2024-02-13,maize,6.6804,1.3356525911708252,20577281.7
2024-02-14,maize,6.7078,1.3411308381317977,13912777.5
2024-02-15,maize,6.6765,1.334872840690979,12976792.3
2024-02-16,maize,6.7482,1.3492082533589251,7604727.2
2024-02-19,maize,6.7905,1.357665547024952,3398195.5
2024-02-20,maize,6.8128,1.36212412028151,11669001.45
2024-02-21,maize,6.8285,1.3652631158029431,17884666.51
2024-02-22,maize,6.8409,1.367742322456814,11287584.89
2024-02-23,maize,6.7795,1.355466250799744,11072930.04
2024-02-26,maize,6.8052,1.3606046065259116,5718407.18
2024-02-27,maize,6.7602,1.3516074856046063,10209153.32
2024-02-28,maize,6.7188,1.3433301343570057,10441292.2
2024-02-29,maize,6.7153,1.3426303582853487,9435612.97
2024-03-01,maize,6.7388,1.286668957879864,3157533.0
2024-03-04,maize,6.7292,1.2848359873219537,7296031.0
2024-03-05,maize,6.7822,1.294955512277084,13625749.7
2024-03-06,maize,6.7642,1.291518692481002,8500840.96
2024-03-07,maize,6.8003,1.2984114255164776,22107027.14
2024-03-08,maize,6.7762,1.29380990567839,7392349.94
2024-03-11,maize,6.7838,1.2952610073700692,10129810.84
2024-03-12,maize,6.8059,1.2994806583419254,16917431.83
2024-03-13,maize,6.7938,1.297170351701226,23219779.71
2024-03-14,maize,6.8096,1.3001871157444531,15901303.84
2024-03-15,maize,6.8689,1.3115095276282125,11402261.96
2024-03-18,maize,6.9304,1.3232519952648258,16934450.7
2024-03-19,maize,6.9018,1.317791270477718,9821771.05
2024-03-20,maize,6.8383,1.305666933974873,14474246.68
2024-03-21,maize,6.9068,1.318745942643296,13645506.62
2024-03-22,maize,6.9148,1.3202734181082214,10576893.1
2024-03-25,maize,6.9441,1.3258677969985109,10535260.37
2024-03-26,maize,6.9638,1.3296292053308894,15011201.68
2024-03-27,maize,6.9396,1.3250085920494905,14061501.63
2024-03-28,maize,6.9844,1.333562454653072,10150514.6
2024-03-29,maize,7.0385,1.3438920074846297,5871794.4
2024-04-01,maize,7.1528,1.2558466184423065,4334376.1
2024-04-02,maize,7.2772,1.2776880398904418,10925247.45
2024-04-03,maize,7.4233,1.3033394199030832,4427276.5
2024-04-04,maize,7.3936,1.2981248683194044,6248066.15
2024-04-05,maize,7.4344,1.3052882927171852,2074940.0
2024-04-08,maize,7.3803,1.2957897324250298,2750784.0
2024-04-15,maize,7.5146,1.3193693377343914,3887477.0
2024-04-16,maize,7.5479,1.325215956176698,7528068.0
2024-04-17,maize,7.5663,1.3284465201207951,4698509.54
2024-04-18,maize,7.5527,1.3260587119882017,4732279.3
2024-04-19,maize,7.5253,1.3212479808975348,5433266.8
2024-04-22,maize,7.806,1.3705316384577568,7741170.7
2024-04-24,maize,7.6355,1.3405962497366388,8949525.3
2024-04-25,maize,7.6794,1.348303953929349,11462535.28
2024-04-26,maize,7.7447,1.359768944448346,8547806.67
2024-04-29,maize,7.7377,1.35853992555657,5053947.2
2024-04-30,maize,7.7219,1.355765854343704,3442637.25
2024-05-02,maize,7.5428,1.2821785544298634,8791335.09
2024-05-03,maize,7.5697,1.2867512069082752,3915181.0
2024-05-06,maize,7.5641,1.2857992792547768,2373310.0
2024-05-07,maize,7.7499,1.3173828789012036,10512742.3
2024-05-08,maize,7.7382,1.315394030053716,1580910.0
2024-05-09,maize,7.802,1.3262392058203578,6582782.1
2024-05-10,maize,7.7884,1.323927381519005,8311627.5
2024-05-13,maize,7.8106,1.3277010947168015,7809545.3
2024-05-14,maize,7.7898,1.3241653634323791,5720500.3
2024-05-15,maize,7.8208,1.3294349629428166,13694627.6
2024-05-16,maize,7.8821,1.3398551710070037,14759781.91
2024-05-17,maize,7.9197,1.346246685251921,6053430.23
2024-05-20,maize,7.8765,1.3389032433535053,6118888.38
2024-05-21,maize,7.9132,1.345141769225539,4659425.4
2024-05-22,maize,7.9514,1.3516352757190455,2876805.7
2024-05-23,maize,7.8764,1.338886244645407,9992003.75
2024-05-24,maize,7.8486,1.3341606037941118,1252640.0
2024-05-27,maize,7.9151,1.3454647446794044,4253573.4
2024-05-28,maize,7.9286,1.3477595702726597,7929938.15
2024-05-29,maize,7.9047,1.3436968790371933,8833469.0
2024-05-30,maize,7.9209,1.3464506697490992,7211044.18
2024-05-31,maize,7.9803,1.356547902359421,2420755.75
2024-06-03,maize,7.8798,1.2765978128797084,7318596.83
2024-06-04,maize,7.9692,1.2910814094775214,4057695.5
2024-06-05,maize,8.0451,1.3033778857837182,4169765.0
2024-06-06,maize,8.0314,1.301158363710004,8231176.68
2024-06-07,maize,8.0172,1.298857837181045,5382636.0
2024-06-10,maize,7.9678,1.2908545970028351,6140536.0
2024-06-11,maize,7.9935,1.29501822600243,6218141.0
2024-06-12,maize,7.9557,1.2888942891859052,2366970.0
2024-06-13,maize,7.8045,1.2643985419198056,575113.0
2024-06-14,maize,7.7505,1.2556500607533414,5965084.0
2024-06-20,maize,7.8219,1.267217496962333,2104571.0
2024-06-21,maize,7.8489,1.2715917375455652,221653.0
2024-06-24,maize,7.9285,1.284487646820575,1242632.5
2024-06-25,maize,7.8594,1.2732928311057108,3846209.0
2024-06-26,maize,7.849,1.271607938436614,6849232.5
2024-06-27,maize,7.864,1.2740380720939652,2913291.19
2024-06-28,maize,7.8141,1.2659538274605102,1814352.1
2024-07-01,maize,7.9147,1.275762020664421,10342611.75
2024-07-02,maize,7.9448,1.2806138074437048,7308412.9
2024-07-03,maize,7.8026,1.2576927416625028,990925.0
2024-07-04,maize,8.0282,1.294056964167701,554029.5
2024-07-05,maize,7.755,1.250020148616193,383872.5
2024-07-08,maize,7.9561,1.2824352423475556,2579672.0
2024-07-09,maize,7.969,1.2845145795386774,4343489.5
2024-07-10,maize,7.9177,1.2762455874530538,1567622.0
2024-07-11,maize,7.8265,1.261545157078612,2129307.8
2024-07-12,maize,7.9011,1.273569851222618,5801861.0
2024-07-16,maize,7.8995,1.273311948935347,2473969.05
2024-07-17,maize,7.8456,1.2646238656329083,16315895.25
2024-07-18,maize,7.845,1.2645271522751818,8241638.35
2024-07-19,maize,8.0248,1.2935089218072504,4520674.9
2024-07-22,maize,7.8819,1.2704750237753673,925811.0
2024-07-23,maize,7.9265,1.2776640500330438,2294235.15
2024-07-24,maize,7.9793,1.286174825512984,2333150.0
2024-07-25,maize,8.0,1.2895114363545512,2856000.0
2024-07-26,maize,7.75,1.2492142039684715,77500.0
2024-07-29,maize,7.8857,1.2710875417076355,1370374.22
2024-07-30,maize,7.9509,1.2815970599139253,3368306.0
2024-07-31,maize,8.2,1.3217492222634148,41000.0
2024-08-01,maize,7.775,1.233285218025792,229906.75
2024-08-02,maize,8.0,1.268975143949368,648000.0
2024-08-05,maize,8.0393,1.2752089843440193,1098650.5
2024-08-06,maize,7.6806,1.2183113113271895,2098569.0
2024-08-07,maize,7.6967,1.2208651238043875,3753978.0
2024-08-08,maize,7.638,1.211554018685659,6820787.9
2024-08-09,maize,7.6711,1.2168044033437495,3204664.3
2024-08-12,maize,7.71,1.222974794981203,11110714.2
2024-08-13,maize,7.7061,1.222356169598528,7034805.15
2024-08-14,maize,7.6897,1.219754770553432,11337738.5
2024-08-15,maize,7.774,1.2331265961327984,11501628.3
2024-08-16,maize,7.8102,1.2388687086591692,8072837.6
2024-08-19,maize,7.9022,1.253461922814587,9382167.4
2024-08-20,maize,7.9598,1.2625985438510223,12554838.89
2024-08-21,maize,8.0633,1.279015909775867,5138896.0
2024-08-22,maize,8.1723,1.2963056961121775,13710538.7
2024-08-23,maize,8.1983,1.3004298653300128,14220035.2
2024-08-26,maize,8.2124,1.3026664340212235,10108865.9
2024-08-27,maize,8.2483,1.3083609599796966,13046095.7
2024-08-28,maize,8.264,1.310851323699697,15740313.9
2024-08-29,maize,8.2723,1.3121678854115444,9293495.75
2024-09-02,maize,8.4033,1.2643005446393645,20340021.29
2024-09-03,maize,8.4974,1.2784581590587671,11391675.0
2024-09-04,maize,8.5163,1.2813017181716968,10555850.5
2024-09-05,maize,8.5561,1.2872897421237928,10127923.5
2024-09-06,maize,8.544,1.2854692624800652,11619014.5
2024-09-09,maize,8.6344,1.2990702013059308,7144124.0
2024-09-10,maize,8.6486,1.3012066319622062,17730666.35
2024-09-11,maize,8.6881,1.3071495200553669,22010712.85
2024-09-12,maize,8.7025,1.3093160412842657,19956252.69
2024-09-13,maize,8.8023,1.3243312370234408,42842131.63
2024-09-16,maize,8.9714,1.3497728161766918,4282758.32
2024-09-17,maize,9.1488,1.3764631540938224,29346032.0
2024-09-18,maize,9.2226,1.3875665753919295,17443792.83
2024-09-19,maize,9.2761,1.3956158035687418,19452984.21
2024-09-20,maize,9.3055,1.4000391177444107,6660684.0
2024-09-23,maize,9.4664,1.4242469834200946,31238117.5
2024-09-24,maize,9.5176,1.4319501700117354,8493053.5
2024-09-25,maize,9.5592,1.4382090091174438,35446755.89
2024-09-26,maize,9.539,1.4351698612824602,22195487.25
2024-09-27,maize,9.5411,1.435485812295008,19664048.87
2024-09-30,maize,9.56,1.438329371407938,33208810.3
2024-10-01,maize,9.5513,1.4050575186089618,28569212.4
2024-10-02,maize,9.5217,1.4007031686722171,38501499.7
2024-10-03,maize,9.5351,1.402674394657095,33200556.56
2024-10-04,maize,9.4987,1.3973197210862338,31885547.11
2024-10-07,maize,9.3758,1.3792403424637385,35288213.4
2024-10-08,maize,9.3841,1.380461325723028,25453814.4
2024-10-09,maize,9.1762,1.349877901674071,20309150.55
2024-10-10,maize,9.0142,1.3260466621554037,21178776.94
2024-10-11,maize,8.6068,1.2661155079584572,26698605.05
2024-10-14,maize,8.7133,1.2817823413457297,17508936.35
2024-10-15,maize,8.8844,1.3069522492571126,25601941.3
2024-10-16,maize,8.9702,1.3195739798169996,6164112.95
2024-10-17,maize,9.0016,1.3241931213039513,15222419.39
2024-10-18,maize,9.0422,1.3301656418252965,3322747.58
2024-10-21,maize,8.9947,1.3231780870281562,9395339.35
2024-10-22,maize,9.0608,1.33290182117744,16580336.78
2024-10-23,maize,8.8923,1.3081143899496896,26513840.51
2024-10-24,maize,8.7926,1.2934478801965343,11889083.1
2024-10-25,maize,8.8057,1.2953749742563772,18347227.9
2024-10-28,maize,8.7481,1.28690164464974,4122185.95
2024-10-30,maize,8.6938,1.2789137662184824,13216237.0
2024-10-31,maize,8.6091,1.2664538527170557,11216883.58
2024-11-01,maize,8.5234,1.279732144197709,9807606.25
2024-11-04,maize,8.361,1.2553488581595424,17985578.49
2024-11-05,maize,8.3729,1.2571355644640632,24418350.9
2024-11-06,maize,8.3683,1.2564449048841644,12454908.79
2024-11-07,maize,8.4017,1.2614596940077776,18627002.12
2024-11-08,maize,8.4646,1.270903713045959,21556273.85
2024-11-11,maize,8.4723,1.2720598171253548,21337191.38
2024-11-12,maize,8.5206,1.2793117427142922,18648852.72
2024-11-13,maize,8.5768,1.2877498010600124,12783771.6
2024-11-14,maize,8.5563,1.2846718616278547,25577293.59
2024-11-15,maize,8.5162,1.2786511118117805,6424929.0
2024-11-18,maize,8.4605,1.2702881251595273,16021780.63
2024-11-19,maize,8.4077,1.2623605543293848,16924145.56
2024-11-20,maize,8.4159,1.263591730102248,14780104.68
2024-11-21,maize,8.3499,1.2536822665645693,13642193.09
2024-11-22,maize,8.3227,1.24959836643995,13757512.6
2024-11-25,maize,8.2765,1.2426617419635753,12940700.9
2024-11-26,maize,8.3808,1.258321697220846,27752522.88
2024-11-27,maize,8.3426,1.2525862198399471,24839894.59
2024-11-28,maize,8.2731,1.2421512544479978,32811265.8
2024-11-29,maize,8.2892,1.2445685629776435,14040129.65
2024-12-02,maize,8.2437,1.2460059551699645,20346026.4
2024-12-03,maize,8.1972,1.2389776454406676,24832130.85
2024-12-04,maize,8.1122,1.226130197548405,32214091.68
2024-12-05,maize,8.1225,1.2276870059400553,33408908.48
2024-12-06,maize,8.1208,1.22743005698221,22588245.98
2024-12-09,maize,8.1197,1.2272637958918395,17862910.0
2024-12-10,maize,8.152,1.2321458260908993,18588565.98
2024-12-11,maize,8.1983,1.239143906531038,21725853.36
2024-12-12,maize,8.2407,1.2455525158325902,22731641.29
2024-12-13,maize,8.1893,1.237783588518916,18882837.3
2024-12-16,maize,8.2691,1.2498450748930638,23347549.73
2024-12-17,maize,8.2583,1.2482126932785176,27202599.6
2024-12-18,maize,8.2722,1.250313628875017,21465881.56
2024-12-19,maize,8.3546,1.2627680960082224,28030688.94
2024-12-20,maize,8.4685,1.2799836761838546,18997792.85
2024-12-23,maize,8.5444,1.2914556914194162,18387841.9
2024-12-24,maize,8.6493,1.3073109535829266,14003744.2
2024-12-25,maize,8.7196,1.317936548722057,14890831.77
2024-12-26,maize,8.7027,1.3153821737881837,12348988.7
2024-12-27,maize,8.6963,1.314414836535119,16536063.14
2024-12-30,maize,8.6526,1.3078097368540378,20496368.98
2024-12-31,maize,8.6519,1.3077039343419838,18131430.35
2025-01-02,maize,8.7438,1.2777355623100304,17166990.52
2025-01-03,maize,8.8261,1.289762099602525,17194804.67
2025-01-06,maize,8.9374,1.3060264203881224,29663035.95
2025-01-07,maize,9.0184,1.3178629880757535,16738376.65
2025-01-08,maize,9.0447,1.3217062193126023,48080678.05
2025-01-09,maize,9.0685,1.325184124386252,33540751.87
2025-01-10,maize,8.985,1.3129822305354215,16669166.56
2025-01-13,maize,9.8139,1.4341097732055177,140143.0
2025-01-14,maize,8.8378,1.2914718260462938,388865.0
2025-01-15,maize,8.9344,1.305588028992284,1076600.0
2025-01-16,maize,8.8895,1.299026771101239,3682732.0
2025-01-17,maize,8.8449,1.292509352349778,2354502.8
2025-01-20,maize,8.826,1.289747486555997,3606124.0
2025-01-21,maize,8.8073,1.2870148468552722,7760771.0
2025-01-22,maize,8.756,1.279518353986439,7699651.0
2025-01-23,maize,8.7781,1.2827478372691137,12005283.8
2025-01-24,maize,8.8499,1.2932400046761747,16657634.3
2025-01-27,maize,8.819,1.288724573299041,21630108.2
2025-01-28,maize,8.8147,1.28809621229834,18138135.2
2025-01-29,maize,8.8087,1.2872194295066637,18361437.4
2025-01-30,maize,8.8503,1.2932984568622865,21699958.1
2025-01-31,maize,8.851,1.293400748187982,12712483.8
2025-02-03,maize,8.8849,1.2497749395149949,11764780.9
2025-02-04,maize,8.9501,1.2589461542789628,23190638.1
2025-02-05,maize,9.103,1.2804534968772858,41764021.1
2025-02-06,maize,9.1802,1.2913126652787936,13061096.22
2025-02-07,maize,9.1942,1.2932819445225907,13279233.65
2025-02-10,maize,9.3062,1.3090361784729647,18386113.2
2025-02-11,maize,9.3622,1.3169132954481515,24273689.0
2025-02-12,maize,9.3976,1.321892758678895,14986399.9
2025-02-13,maize,9.3735,1.318502785123502,9731378.9
2025-02-14,maize,9.3627,1.316983626849716,13035413.4
2025-02-17,maize,9.4029,1.3226382715354754,21128044.8
2025-02-18,maize,9.4477,1.3289399651156248,25269045.2
2025-02-19,maize,9.5375,1.34157148483655,18074441.3
2025-02-20,maize,9.5711,1.3462977550216622,33927976.5
2025-02-21,maize,9.5562,1.34420187925505,12059623.56
2025-02-24,maize,9.7447,1.3707168176447422,21356880.1
2025-02-25,maize,9.7687,1.3740927249198225,24523875.6
2025-02-26,maize,9.8257,1.3821105046981377,24652378.19
2025-02-27,maize,9.9685,1.402197152984865,30002148.6
2025-02-28,maize,10.0205,1.4095116187475385,22155653.2
2025-03-03,maize,10.0691,1.3416164792410596,35364269.85
2025-03-04,maize,10.1427,1.3514230133773917,31125936.18
2025-03-05,maize,10.1701,1.3550738154879285,26875675.7
2025-03-06,maize,10.2424,1.3647071363854393,34991697.45
2025-03-07,maize,10.2931,1.3714624526994617,15839330.74
2025-03-10,maize,10.2561,1.3665325374407078,35554393.1
2025-03-11,maize,10.1886,1.3575387731173052,23554664.8
2025-03-12,maize,10.1413,1.3512364760432765,18508667.3
2025-03-13,maize,10.1164,1.3479187763150882,14975347.0
2025-03-14,maize,9.9718,1.328652134520066,17778773.1
2025-03-17,maize,10.0822,1.3433619357245643,21776590.1
2025-03-18,maize,10.0482,1.3388317433246282,21850159.0
2025-03-19,maize,10.056,1.3398710227575543,62077154.6
2025-03-20,maize,10.14,1.3510632628044557,31158895.2
2025-03-21,maize,10.1082,1.346826200500986,34142690.25
2025-03-24,maize,10.2207,1.3618158077066569,35796172.7
2025-03-25,maize,10.2221,1.3620023450407717,55030793.35
2025-03-26,maize,10.2452,1.3650802110536695,20606611.6
2025-03-27,maize,10.1456,1.3518094121409157,17892284.8
2025-03-28,maize,10.1603,1.353768054149123,33328050.8
2025-04-02,maize,10.276,1.2858179634124978,7687569.0
2025-04-03,maize,10.3193,1.2912360169173405,29615729.0
2025-04-04,maize,10.4195,1.3037738682149205,32226403.8
2025-04-07,maize,10.4959,1.313333667008684,37716186.5
2025-04-08,maize,10.4047,1.30192197001927,48262488.01
2025-04-09,maize,10.452,1.3078405365499637,36457979.1
2025-04-10,maize,10.5593,1.3212667984684303,37799050.0
2025-04-11,maize,10.6165,1.3284241347381067,31711664.7
2025-04-14,maize,10.7425,1.3441902950524287,25762475.15
2025-04-15,maize,10.7727,1.3479691683976076,29175761.5
2025-04-16,maize,10.9182,1.366175329712956,19390348.0
2025-04-17,maize,11.0,1.376410821091619,23606670.6
2025-04-18,maize,11.1093,1.3900873395230111,22070606.0
2025-04-21,maize,11.1693,1.3975950349107835,22517781.4
2025-04-22,maize,11.4009,1.4265747391075854,32341176.6
2025-04-24,maize,11.7647,1.472096398808779,22545058.66
2025-04-25,maize,11.8518,1.4829950699466956,17525234.0
2025-04-28,maize,11.9178,1.4912535348732452,33185130.28
2025-04-29,maize,11.6994,1.4639255236617534,26438602.6
2025-04-30,maize,11.6622,1.4592707525213344,36650119.05
2025-05-02,maize,11.3595,1.4112582616906029,40434645.9
2025-05-05,maize,11.3667,1.412152760522785,37529659.9
2025-05-06,maize,11.3207,1.4064379068727328,28569958.43
2025-05-07,maize,11.222,1.3941758187149034,21648431.2
2025-05-08,maize,11.0657,1.3747577398996174,20268659.81
2025-05-09,maize,11.1401,1.3840008944988322,6372678.9
2025-05-12,maize,11.1565,1.3860383640610248,12047248.9
2025-05-13,maize,11.1692,1.3876161606122348,17058008.6
2025-05-14,maize,11.1646,1.3870446752472296,15045594.6
2025-05-15,maize,11.2549,1.3982631814341795,11697943.6
2025-05-16,maize,11.2661,1.399654624062019,11140499.05
2025-05-20,maize,11.1732,1.3881131044078916,16120892.4
2025-05-21,maize,11.1719,1.387951597674303,11566964.75
2025-05-22,maize,11.0803,1.3765715847537645,15782732.6
2025-05-23,maize,11.1672,1.3873676887144064,13784655.0
2025-05-26,maize,10.9839,1.3645952392784375,20269945.0
2025-05-27,maize,11.1095,1.3801992744620586,11788689.22
2025-05-28,maize,11.0532,1.3732047905381903,27744167.7
2025-05-29,maize,11.1053,1.3796774834766188,19934631.0
2025-05-30,maize,11.109,1.3801371564876013,15709100.1
2025-06-02,maize,11.0795,1.3115714708493635,9311195.6
2025-06-03,maize,11.2862,1.3360402485942584,37223397.3
2025-06-04,maize,11.1904,1.3246996152707902,12272110.6
2025-06-05,maize,11.1,1.313998224326724,277500.0
2025-06-10,maize,11.3274,1.3409174311926606,14508119.3
2025-06-11,maize,11.4651,1.3572181118674165,17554708.6
2025-06-12,maize,11.6261,1.3762770050310742,21484968.8
2025-06-13,maize,11.7658,1.3928144421426458,15656095.0
2025-06-16,maize,11.8366,1.401195620005919,15178839.6
2025-06-17,maize,11.5883,1.3718023083752588,8621447.0
2025-06-18,maize,11.6879,1.3835927789286773,12638150.2
2025-06-19,maize,11.881,1.4064516129032258,11644406.1
2025-06-20,maize,11.5848,1.3713879846108314,11920434.8
2025-06-23,maize,11.6298,1.3767150044391832,13436087.0
2025-06-24,maize,11.6263,1.3763006806747555,9587851.5
2025-06-25,maize,11.6095,1.3743119266055046,7434262.0
2025-06-26,maize,11.1481,1.3196922166321396,9528806.6
2025-06-27,maize,11.3873,1.3480082864752885,17707649.4
2025-06-30,maize,11.3446,1.3429535365492749,13062315.0
2025-07-01,maize,11.3028,1.333364791374205,6323112.0
2025-07-02,maize,11.5291,1.360060871309087,3928644.5
2025-07-03,maize,11.391,1.3437695383925727,12239290.0
2025-07-04,maize,11.504,1.3570998832120231,2800882.0
2025-07-07,maize,11.4817,1.354469204544114,6067609.0
2025-07-08,maize,11.4923,1.3557196616687703,5468504.0
2025-07-09,maize,11.4008,1.3449256213946137,19912026.5
2025-07-10,maize,11.4548,1.3512958746711652,4641125.0
2025-07-11,maize,11.3754,1.341929243001569,11564949.6
2025-07-14,maize,11.3805,1.3425308780332432,7593886.0
2025-07-16,maize,11.1671,1.3173565808255374,9059961.0
2025-07-17,maize,11.1282,1.312767639113355,6745940.0
2025-07-18,maize,11.1163,1.3113638240394483,4980197.0
2025-07-21,maize,11.0846,1.307624249430806,12804957.0
2025-07-22,maize,11.1467,1.31495004069884,9736938.0
2025-07-23,maize,11.0762,1.3066333211433423,12030123.6
2025-07-24,maize,11.2843,1.3311823897887198,12108087.0
2025-07-25,maize,11.2743,1.3300027132560253,10462697.0
2025-07-28,maize,11.1703,1.3177340773159998,35592074.0
2025-07-29,maize,10.9825,1.2955797520319927,23039060.55
2025-07-30,maize,11.2875,1.3315598862791822,13455746.5
2025-07-31,maize,11.2657,1.3289881914379078,3606703.0
2025-08-01,maize,11.3006,1.30279798480534,4394356.4
2025-08-04,maize,11.1863,1.289620825215296,3398581.2
2025-08-05,maize,11.2012,1.2913385826771655,7737591.2
2025-08-06,maize,11.2651,1.2987053411881349,5915857.8
2025-08-07,maize,11.2184,1.293321497331135,5900445.0
2025-08-08,maize,11.2839,1.300872713019218,5069642.0
2025-08-11,maize,11.2192,1.293413725919692,9387063.0
2025-08-12,maize,11.1415,1.284456024256119,3079948.0
2025-08-13,maize,11.0724,1.2764897799195305,1284400.0
2025-08-14,maize,11.0378,1.2725008934644515,1335575.0
2025-08-15,maize,10.9405,1.2612835913812384,3811002.5
2025-08-18,maize,10.8895,1.2554040188607465,4969957.0
2025-08-19,maize,11.0307,1.2716823647410105,14726487.1
2025-08-20,maize,10.9789,1.265710563631962,8594541.6
2025-08-21,maize,10.8613,1.252152961114121,4872146.45
2025-08-22,maize,11.0204,1.2704949216633428,10470422.9
2025-08-25,maize,10.9909,1.2670939924603128,11462969.0
2025-08-26,maize,11.1041,1.2801443377410917,15674943.6
2025-08-27,maize,11.1676,1.2874649819577824,11506698.0
2025-08-28,maize,11.1906,1.2901165538787889,11087484.1
2025-08-29,maize,11.145,1.2848595243310543,15629241.6
2025-09-01,maize,11.334,1.277732683982684,9423804.0
2025-09-02,maize,11.1318,1.254937770562771,17025463.9
2025-09-03,maize,11.271,1.2706304112554114,23029311.8
2025-09-04,maize,11.3506,1.2796040764790766,22945999.9
2025-09-05,maize,11.4144,1.286796536796537,4737312.0
2025-09-08,maize,11.3392,1.2783189033189033,14040641.56
2025-09-09,maize,11.3378,1.278161075036075,13573060.6
2025-09-10,maize,11.2558,1.2689168470418473,19231417.0
2025-09-11,maize,11.3105,1.2750834235209236,22160702.82
2025-09-12,maize,11.3998,1.2851506132756134,12213761.0
2025-09-15,maize,11.4305,1.288611562049062,12952652.0
2025-09-16,maize,11.4265,1.2881606240981245,12690258.2
2025-09-17,maize,11.5361,1.300516323953824,13619842.7
2025-09-18,maize,11.5584,1.3030303030303032,10700801.1
2025-09-19,maize,11.6896,1.317821067821068,4887908.0
2025-09-22,maize,11.409,1.286187770562771,12037428.6
2025-09-23,maize,11.5397,1.300922168109668,8637162.1
2025-09-24,maize,11.5815,1.3056344696969695,2352888.0
2025-09-25,maize,11.4565,1.2915426587301588,25391328.1
2025-09-26,maize,11.536,1.3005050505050506,9811987.0
2025-09-29,maize,11.4601,1.2919485028860032,12893369.4
2025-09-30,maize,11.3799,1.282907196969697,17633202.3
2025-10-01,maize,11.3271,1.282593926217814,4922666.8
2025-10-02,maize,11.2438,1.2731616731209097,9301894.5
2025-10-03,maize,11.5348,1.3061122811785222,9746791.6
2025-10-06,maize,11.372,1.2876780578390743,14331923.61
2025-10-07,maize,11.3511,1.2853115021400912,6774104.6
2025-10-08,maize,11.4032,1.2912109065380348,9988870.08
2025-10-09,maize,11.314,1.2811105826935707,14217489.91
2025-10-10,maize,11.3248,1.2823334918585956,9453724.9
2025-10-13,maize,11.5036,1.3025794324795616,9151286.18
2025-10-14,maize,11.4328,1.2945625835088437,9092747.83
2025-10-15,maize,11.4493,1.2964309169554091,5275103.75
2025-10-16,maize,11.4141,1.2924451389360692,10694387.42
2025-10-17,maize,11.452,1.2967366442466657,12670678.8
2025-10-20,maize,11.3762,1.2881536336254729,8688000.77
2025-10-21,maize,11.3028,1.279842380596508,7123525.88
2025-10-22,maize,11.4244,1.2936114319360466,21765893.21
2025-10-23,maize,11.405,1.2914147247322056,5644116.5
2025-10-24,maize,11.3691,1.287349684081799,6105760.4
2025-10-27,maize,10.9813,1.2434381864710011,3856417.45
2025-10-28,maize,11.2215,1.2706365921597935,6765209.9
2025-10-30,maize,11.2601,1.2750073601014562,8067555.6
2025-10-31,maize,11.2154,1.269945874946215,4732182.85
2025-11-03,maize,11.0618,1.2525533890436398,8469056.2
2025-11-04,maize,11.0117,1.2468804493058858,4595381.0
2025-11-05,maize,11.188,1.266843309101615,15095429.24
2025-11-06,maize,11.1499,1.2625291573249997,7771789.12
2025-11-07,maize,11.098,1.256652399393075,7412118.0
2025-11-10,maize,11.0508,1.2513078334125962,8038549.8
2025-11-11,maize,10.9774,1.2429965803836311,12518730.65
2025-11-12,maize,10.9987,1.2454084290146523,1234718.0
2025-11-13,maize,10.9945,1.2449328532282538,10295663.4
2025-11-14,maize,10.7196,1.2138052856851689,9923856.0
2025-11-17,maize,10.7893,1.2216975790927826,13329907.0
2025-11-18,maize,10.8896,1.2330547818013,10848670.4
2025-11-19,maize,10.8469,1.2282197613062482,8238669.8
2025-11-20,maize,11.0633,1.2527232375387822,7984855.8
2025-11-21,maize,10.8336,1.2267137713159864,2645789.6
2025-11-24,maize,10.9458,1.2394184387526328,6059401.6
2025-11-25,maize,10.9357,1.2382747922186743,5232392.0
2025-11-26,maize,10.9786,1.243132459179745,5779026.2
2025-11-27,maize,10.6492,1.2058337296464887,7513434.0
