"DateTime","Fiyat (open)","Fiyat (high)","Fiyat (low)","Fiyat (close)","Ağ. Ort. Fiyat","Hacim"
"2019-07-30 00:00:00",1.2,1.2,1.165,1.165,1.1815,665908.2
"2019-07-31 00:00:00",1.2,1.2,1.2,1.2,1.2,827880
"2019-08-02 00:00:00",1.25,1.25,1.25,1.25,1.25,75000
"2019-08-05 00:00:00",1.22,1.26,1.22,1.26,1.2338,806323.6
"2019-08-07 00:00:00",1.21,1.21,1.21,1.21,1.21,242000
"2019-08-09 00:00:00",1.21,1.21,1.21,1.21,1.21,181790.4
"2019-08-16 00:00:00",1.155,1.19,1.155,1.19,1.1623,303782.5
"2019-08-19 00:00:00",1.25,1.25,1.25,1.25,1.25,312500
"2019-08-21 00:00:00",1.2,1.2,1.14,1.14,1.1728,167069.68
"2019-08-22 00:00:00",1.165,1.25,1.165,1.25,1.2275,584528.83
"2019-08-23 00:00:00",1.28,1.28,1.28,1.28,1.28,1702656
"2019-08-26 00:00:00",1.2,1.2,1.2,1.2,1.2,240000
"2019-08-27 00:00:00",1.175,1.175,1.175,1.175,1.175,35156
"2019-08-28 00:00:00",1.179,1.19,1.179,1.18,1.1803,406774.52
"2019-08-29 00:00:00",1.22,1.22,1.22,1.22,1.22,36600
"2019-09-02 00:00:00",1.2,1.26,1.19,1.26,1.2595,6850716.4
"2019-09-03 00:00:00",1.17,1.18,1.17,1.18,1.1727,43390
"2019-09-04 00:00:00",1.18,1.19,1.17,1.19,1.1798,166898.9
"2019-09-05 00:00:00",1.191,1.25,1.15,1.25,1.2187,609087.75
"2019-09-06 00:00:00",1.18,1.185,1.16,1.185,1.1711,93056.19
"2019-09-09 00:00:00",1.2,1.2,1.2,1.2,1.2,186770.4
"2019-09-10 00:00:00",1.16,1.25,1.16,1.23,1.2004,904664.18
"2019-09-11 00:00:00",1.16,1.195,1.16,1.195,1.1827,91070
"2019-09-13 00:00:00",1.16,1.225,1.16,1.225,1.16,262776.75
"2019-09-16 00:00:00",1.185,1.185,1.185,1.185,1.185,38394
"2019-09-17 00:00:00",1.15,1.15,1.15,1.15,1.15,31050
"2019-09-19 00:00:00",1.16,1.16,1.16,1.16,1.16,34800
"2019-09-20 00:00:00",1.153,1.153,1.1025,1.1025,1.1137,130702.4
"2019-09-23 00:00:00",1.151,1.16,1.151,1.16,1.1548,54277
"2019-09-24 00:00:00",1.16,1.16,1.14,1.14,1.1529,91497.6
"2019-09-25 00:00:00",1.15,1.15,1.15,1.15,1.15,23000
"2019-09-27 00:00:00",1.135,1.135,1.135,1.135,1.135,22700
"2019-10-01 00:00:00",1.1,1.1,1.1,1.1,1.1,57398
"2019-10-02 00:00:00",1.2,1.2,1.2,1.2,1.2,308304
"2019-10-03 00:00:00",1.125,1.125,1.125,1.125,1.125,22500
"2019-10-08 00:00:00",1.12,1.12,1.12,1.12,1.12,150035.2
"2019-10-09 00:00:00",1.2,1.2,1.2,1.2,1.2,508368
"2019-10-10 00:00:00",1.125,1.125,1.125,1.125,1.125,16966.13
"2019-10-15 00:00:00",1.1,1.1,1.1,1.1,1.1,11000
"2019-10-17 00:00:00",1.125,1.125,1.06,1.06,1.0866,26514
"2019-10-21 00:00:00",1.07,1.12,1.07,1.11,1.1033,126277.9
"2019-10-23 00:00:00",1.11,1.11,1.08,1.08,1.0885,96244.8
"2019-10-24 00:00:00",1.15,1.15,1.15,1.15,1.15,92184
"2019-10-25 00:00:00",1.15,1.15,1.125,1.125,1.1469,242916
"2019-10-28 00:00:00",1.09,1.09,1.09,1.09,1.09,29604.4
"2019-10-30 00:00:00",1.15,1.15,1.15,1.15,1.15,89056
"2019-10-31 00:00:00",1.09,1.11,1.09,1.11,1.0949,39481.4
"2019-11-01 00:00:00",1.12,1.122,1.03,1.115,1.1111,265944.08
"2019-11-04 00:00:00",1.13,1.13,1.07,1.07,1.1103,187493.7
"2019-11-05 00:00:00",1.1,1.11,1.1,1.1,1.1061,126267.6
"2019-11-06 00:00:00",1.135,1.15,1.1,1.1,1.1125,447457
"2019-11-07 00:00:00",1.145,1.145,1.11,1.11,1.1144,175547.2
"2019-11-08 00:00:00",1.13,1.13,1.13,1.13,1.13,39211
"2019-11-11 00:00:00",1.13,1.13,1.13,1.13,1.13,63280
"2019-11-12 00:00:00",1.11,1.125,1.11,1.125,1.113,111011.4
"2019-11-13 00:00:00",1.12,1.12,1.12,1.12,1.12,133078.4
"2019-11-14 00:00:00",1.15,1.15,1.1,1.1,1.143,143421
"2019-11-18 00:00:00",1.12,1.15,1.12,1.15,1.1369,140912.8
"2019-11-19 00:00:00",1.1,1.15,1.1,1.114,1.1297,385017.24
"2019-11-20 00:00:00",1.125,1.125,1.125,1.125,1.125,36517.5
"2019-11-21 00:00:00",1.14,1.16,1.14,1.16,1.15,2300
"2019-11-22 00:00:00",1.14,1.16,1.14,1.15,1.1513,339002
"2019-11-25 00:00:00",1.15,1.15,1.15,1.15,1.15,30774
"2019-11-26 00:00:00",1.15,1.16,1.145,1.16,1.151,274131.4
"2019-11-27 00:00:00",1.15,1.165,1.135,1.15,1.1448,185274.96
"2019-11-28 00:00:00",1.169,1.169,1.16,1.165,1.1662,148129.46
"2019-11-29 00:00:00",1.165,1.169,1.14,1.14,1.16,211102.54
"2019-12-02 00:00:00",1.17,1.175,1.16,1.175,1.1699,175540.17
"2019-12-03 00:00:00",1.16,1.18,1.1385,1.18,1.158,236016.53
"2019-12-04 00:00:00",1.18,1.18,1.15,1.15,1.1546,106519
"2019-12-05 00:00:00",1.18,1.19,1.16,1.18,1.1834,250151.22
"2019-12-06 00:00:00",1.2,1.201,1.18,1.185,1.194,422404.8
"2019-12-09 00:00:00",1.18,1.24,1.17,1.2,1.1927,892481.4
"2019-12-10 00:00:00",1.21,1.22,1.2,1.212,1.2082,398377.8
"2019-12-11 00:00:00",1.2,1.235,1.13,1.13,1.1973,243796.7
"2019-12-12 00:00:00",1.17,1.2,1.16,1.2,1.1897,263897.4
"2019-12-13 00:00:00",1.17,1.24,1.17,1.2,1.2071,322744.4
"2019-12-16 00:00:00",1.2,1.22,1.18,1.2,1.2022,550808.88
"2019-12-17 00:00:00",1.2,1.22,1.2,1.22,1.2168,85762
"2019-12-18 00:00:00",1.2,1.23,1.2,1.2,1.2146,700887.2
"2019-12-19 00:00:00",1.2,1.21,1.2,1.2,1.2031,158304.2
"2019-12-20 00:00:00",1.2,1.23,1.2,1.23,1.2196,104840.8
"2019-12-23 00:00:00",1.2,1.32,1.2,1.22,1.2309,444298.09
"2019-12-24 00:00:00",1.2,1.225,1.2,1.2,1.2105,439125.59
"2019-12-25 00:00:00",1.2,1.24,1.18,1.24,1.2069,396117.42
"2019-12-26 00:00:00",1.2,1.21,1.188,1.21,1.1967,381852
"2019-12-27 00:00:00",1.2,1.2,1.19,1.2,1.1959,130998
"2019-12-30 00:00:00",1.19,1.21,1.12,1.21,1.199,189989.88
"2019-12-31 00:00:00",1.199,1.225,1.199,1.225,1.2138,184330.14
"2020-01-02 00:00:00",1.21,1.22,1.19,1.21,1.2076,408039.2
"2020-01-03 00:00:00",1.221,1.221,1.2,1.216,1.2107,270637.56
"2020-01-06 00:00:00",1.222,1.25,1.2,1.215,1.2173,822208.46
"2020-01-07 00:00:00",1.21,1.27,1.21,1.25,1.2338,251032.4
"2020-01-08 00:00:00",1.21,1.25,1.205,1.24,1.229,285582.8
"2020-01-09 00:00:00",1.23,1.24,1.22,1.23,1.2303,358397.8
"2020-01-10 00:00:00",1.22,1.25,1.2,1.23,1.2262,253071.4
"2020-01-13 00:00:00",1.23,1.25,1.211,1.25,1.2343,544069.97
"2020-01-14 00:00:00",1.225,1.24,1.21,1.21,1.2273,546439.3
"2020-01-15 00:00:00",1.22,1.26,1.2,1.21,1.2333,514811.78
"2020-01-16 00:00:00",1.2325,1.245,1.215,1.235,1.2301,1360766.1
"2020-01-17 00:00:00",1.245,1.245,1.21,1.21,1.2292,699994.1
"2020-01-20 00:00:00",1.235,1.2425,1.22,1.22,1.2317,529317.6
"2020-01-21 00:00:00",1.23,1.25,1.22,1.22,1.2372,1508272.95
"2020-01-22 00:00:00",1.23,1.258,1.225,1.225,1.2467,360336.8
"2020-01-23 00:00:00",1.25,1.27,1.22,1.27,1.2427,726030.9
"2020-01-24 00:00:00",1.24,1.32,1.2,1.235,1.2496,270137.8
"2020-01-27 00:00:00",1.25,1.275,1.22,1.27,1.2476,800230.1
"2020-01-28 00:00:00",1.23,1.25,1.225,1.225,1.242,172559
"2020-01-29 00:00:00",1.235,1.276,1.23,1.25,1.2468,280739.64
"2020-01-30 00:00:00",1.241,1.26,1.225,1.24,1.2435,630179.2
"2020-01-31 00:00:00",1.25,1.255,1.23,1.245,1.2483,442699.5
"2020-02-03 00:00:00",1.26,1.285,1.225,1.285,1.2499,297494.74
"2020-02-04 00:00:00",1.25,1.265,1.235,1.265,1.2539,810429.96
"2020-02-05 00:00:00",1.245,1.282,1.24,1.282,1.2484,508519.38
"2020-02-06 00:00:00",1.25,1.255,1.24,1.245,1.2456,631334.84
"2020-02-07 00:00:00",1.245,1.265,1.23,1.265,1.2548,788857.7
"2020-02-10 00:00:00",1.25,1.29,1.25,1.29,1.2566,458247.56
"2020-02-11 00:00:00",1.26,1.265,1.245,1.255,1.2574,620301.7
"2020-02-12 00:00:00",1.26,1.275,1.25,1.275,1.2606,1656577.44
"2020-02-13 00:00:00",1.26,1.28,1.255,1.263,1.2619,928681.06
"2020-02-14 00:00:00",1.255,1.28,1.245,1.25,1.2645,498325.1
"2020-02-17 00:00:00",1.256,1.27,1.25,1.27,1.2611,138533.55
"2020-02-18 00:00:00",1.25,1.27,1.25,1.25,1.2592,893599.6
"2020-02-19 00:00:00",1.255,1.268,1.24,1.265,1.2577,884586.8
"2020-02-20 00:00:00",1.26,1.27,1.255,1.255,1.2606,590217.8
"2020-02-21 00:00:00",1.26,1.27,1.25,1.255,1.2596,891812.28
"2020-02-24 00:00:00",1.23,1.28,1.23,1.25,1.2579,741120.9
"2020-02-25 00:00:00",1.265,1.28,1.25,1.269,1.2619,1044012.36
"2020-02-26 00:00:00",1.26,1.275,1.255,1.272,1.2652,1201351.12
"2020-02-27 00:00:00",1.26,1.275,1.26,1.275,1.265,707467.4
"2020-02-28 00:00:00",1.26,1.275,1.255,1.273,1.2635,662125.62
"2020-03-02 00:00:00",1.265,1.29,1.25,1.25,1.2728,564375.3
"2020-03-03 00:00:00",1.25,1.29,1.25,1.27,1.2603,2562950.2
"2020-03-04 00:00:00",1.25,1.29,1.25,1.28,1.2537,7031710.96
"2020-03-05 00:00:00",1.25,1.29,1.25,1.28,1.2523,2673738.6
"2020-03-06 00:00:00",1.25,1.295,1.24,1.28,1.2588,2616332.6
"2020-03-09 00:00:00",1.25,1.285,1.25,1.255,1.2583,1578077.25
"2020-03-10 00:00:00",1.25,1.28,1.24,1.275,1.2573,2091235.04
"2020-03-11 00:00:00",1.25,1.276,1.25,1.276,1.2624,2237837.09
"2020-03-12 00:00:00",1.275,1.285,1.25,1.2552,1.2639,469858.78
"2020-03-13 00:00:00",1.26,1.28,1.25,1.26,1.2639,1180786.15
"2020-03-16 00:00:00",1.255,1.275,1.25,1.275,1.2589,532698.4
"2020-03-17 00:00:00",1.25,1.29,1.22,1.22,1.2661,1341477.1
"2020-03-18 00:00:00",1.3,1.3,1.25,1.28,1.2695,1118238.64
"2020-03-19 00:00:00",1.265,1.29,1.25,1.28,1.2599,1894029.3
"2020-03-20 00:00:00",1.25,1.3,1.25,1.3,1.2535,11649477.04
"2020-03-23 00:00:00",1.271,1.3,1.26,1.28,1.2808,777115.94
"2020-03-24 00:00:00",1.27,1.3,1.265,1.29,1.2777,791798.65
"2020-03-25 00:00:00",1.29,1.31,1.27,1.27,1.2811,578189.35
"2020-03-26 00:00:00",1.28,1.31,1.208,1.273,1.2801,1155384.08
"2020-03-27 00:00:00",1.275,1.3,1.26,1.28,1.2838,1251422.78
"2020-03-30 00:00:00",1.31,1.325,1.15,1.305,1.2885,512972.8
"2020-03-31 00:00:00",1.28,1.325,1.28,1.3,1.2961,1419202
"2020-04-01 00:00:00",1.25,1.305,1.25,1.287,1.279,484378.5
"2020-04-02 00:00:00",1.2,1.33,1.2,1.33,1.2005,159793489.1
"2020-04-03 00:00:00",1.27,1.35,1.2,1.33,1.2038,55923990.57
"2020-04-06 00:00:00",1.265,1.3505,1.2,1.3505,1.219,8335919.2
"2020-04-07 00:00:00",1.28,1.35,1.2,1.35,1.2899,5671340.5
"2020-04-08 00:00:00",1.285,1.4,1.235,1.4,1.2953,1823878.8
"2020-04-09 00:00:00",1.3,1.325,1.245,1.32,1.2617,1850301.6
"2020-04-10 00:00:00",1.29,1.345,1.246,1.345,1.263,1967126.78
"2020-04-13 00:00:00",1.275,1.345,1.275,1.345,1.2945,518039
"2020-04-14 00:00:00",1.25,1.35,1.25,1.33,1.3257,1281999.5
"2020-04-15 00:00:00",1.3,1.34,1.26,1.335,1.3135,894839.6
"2020-04-16 00:00:00",1.31,1.35,1.27,1.34,1.3178,2230704.7
"2020-04-17 00:00:00",1.3,1.35,1.265,1.33,1.3151,2973650.05
"2020-04-20 00:00:00",1.34,1.355,1.275,1.345,1.3287,2450601.76
"2020-04-21 00:00:00",1.321,1.38,1.32,1.38,1.3418,2577925.9
"2020-04-22 00:00:00",1.35,1.395,1.275,1.365,1.3357,3792964.92
"2020-04-24 00:00:00",1.345,1.35,1.295,1.35,1.3295,648293.6
"2020-04-27 00:00:00",1.385,1.39,1.28,1.37,1.3579,1154740.9
"2020-04-28 00:00:00",1.35,1.4,1.28,1.4,1.3616,3666210.12
"2020-04-29 00:00:00",1.365,1.4,1.292,1.39,1.3469,2688458.6
"2020-04-30 00:00:00",1.365,1.4,1.28,1.385,1.3419,2907928.3
"2020-05-04 00:00:00",1.35,1.395,1.3,1.385,1.3634,1524562.55
"2020-05-05 00:00:00",1.365,1.41,1.345,1.41,1.3679,1041652.6
"2020-05-06 00:00:00",1.37,1.395,1.285,1.395,1.3637,1855046.24
"2020-05-07 00:00:00",1.36,1.4,1.32,1.385,1.3692,6194756.71
"2020-05-08 00:00:00",1.37,1.41,1.285,1.41,1.3618,4268321.03
"2020-05-11 00:00:00",1.385,1.41,1.285,1.41,1.3473,2600312.59
"2020-05-12 00:00:00",1.37,1.41,1.285,1.41,1.3337,2965832.1
"2020-05-13 00:00:00",1.372,1.4,1.315,1.4,1.3714,1589577.13
"2020-05-14 00:00:00",1.37,1.4,1.275,1.4,1.3516,1357109.52
"2020-05-15 00:00:00",1.372,1.375,1.295,1.37,1.3617,1224616.7
"2020-05-18 00:00:00",1.35,1.395,1.277,1.395,1.3098,501757
"2020-05-20 00:00:00",1.35,1.369,1.29,1.29,1.3174,938799.6
"2020-05-21 00:00:00",1.36,1.38,1.355,1.38,1.3619,193585.2
"2020-05-22 00:00:00",1.35,1.382,1.295,1.382,1.344,1912128.21
"2020-05-27 00:00:00",1.355,1.36,1.302,1.35,1.3278,971003.4
"2020-05-28 00:00:00",1.33,1.38,1.302,1.38,1.3492,1277021.4
"2020-05-29 00:00:00",1.34,1.39,1.3,1.39,1.3445,816016.1
"2020-06-01 00:00:00",1.335,1.355,1.335,1.34,1.3411,524728.9
"2020-06-02 00:00:00",1.354,1.36,1.31,1.353,1.3359,712656.6
"2020-06-03 00:00:00",1.355,1.368,1.275,1.36,1.3264,632914.38
"2020-06-04 00:00:00",1.32,1.37,1.29,1.37,1.3121,1012421.4
"2020-06-05 00:00:00",1.373,1.373,1.275,1.37,1.3058,396566.2
"2020-06-08 00:00:00",1.365,1.365,1.34,1.34,1.3607,337650.35
"2020-06-09 00:00:00",1.36,1.37,1.2097,1.37,1.3015,180374.73
"2020-06-10 00:00:00",1.36,1.37,1.3,1.37,1.3523,441775.3
"2020-06-11 00:00:00",1.32,1.385,1.29,1.351,1.3443,294428.8
"2020-06-12 00:00:00",1.35,1.35,1.3,1.3495,1.346,574435.3
"2020-06-15 00:00:00",1.34,1.365,1.23,1.36,1.3542,299378.08
"2020-06-16 00:00:00",1.37,1.38,1.32,1.38,1.3574,249162
"2020-06-17 00:00:00",1.35,1.39,1.28,1.375,1.3469,489823.9
"2020-06-18 00:00:00",1.33,1.38,1.28,1.38,1.3278,218689
"2020-06-19 00:00:00",1.335,1.37,1.28,1.37,1.3476,419013.7
"2020-06-22 00:00:00",1.29,1.34,1.29,1.34,1.3242,264315.5
"2020-06-23 00:00:00",1.28,1.335,1.28,1.335,1.2852,40485
"2020-06-24 00:00:00",1.335,1.36,1.275,1.35,1.3457,894647.02
"2020-06-25 00:00:00",1.335,1.38,1.284,1.284,1.3309,473520
"2020-06-26 00:00:00",1.284,1.34,1.284,1.34,1.3186,221730.76
"2020-06-29 00:00:00",1.335,1.38,1.265,1.38,1.3136,1064566.26
"2020-06-30 00:00:00",1.33,1.33,1.285,1.29,1.3014,197463.4
"2020-07-01 00:00:00",1.33,1.37,1.33,1.35,1.3552,325862.5
"2020-07-02 00:00:00",1.255,1.385,1.255,1.385,1.2808,162687
"2020-07-03 00:00:00",1.375,1.38,1.301,1.38,1.3503,261277.5
"2020-07-06 00:00:00",1.3,1.41,1.3,1.385,1.3633,814253.5
"2020-07-07 00:00:00",1.385,1.385,1.31,1.31,1.3404,49595
"2020-07-08 00:00:00",1.33,1.38,1.31,1.38,1.3335,606960.8
"2020-07-09 00:00:00",1.33,1.35,1.315,1.35,1.329,120778
"2020-07-10 00:00:00",1.39,1.39,1.315,1.38,1.3529,707547
"2020-07-13 00:00:00",1.32,1.39,1.32,1.39,1.3755,401910.7
"2020-07-14 00:00:00",1.359,1.365,1.31,1.365,1.3608,109081
"2020-07-16 00:00:00",1.4,1.42,1.36,1.42,1.3863,212570.6
"2020-07-17 00:00:00",1.35,1.41,1.33,1.375,1.3552,913989.29
"2020-07-20 00:00:00",1.2,1.4,1.2,1.37,1.3655,501019.5
"2020-07-21 00:00:00",1.3601,1.42,1.35,1.4,1.3666,2355718.63
"2020-07-22 00:00:00",1.355,1.419,1.31,1.4,1.3717,620524.32
"2020-07-23 00:00:00",1.36,1.395,1.3,1.3,1.3583,576287.8
"2020-07-24 00:00:00",1.379,1.44,1.32,1.385,1.3542,584580.3
"2020-07-27 00:00:00",1.368,1.425,1.34,1.4,1.3614,885294
"2020-07-28 00:00:00",1.349,1.36,1.345,1.358,1.356,534256
"2020-07-29 00:00:00",1.4,1.4,1.36,1.4,1.3713,546014
"2020-07-30 00:00:00",1.363,1.363,1.363,1.363,1.363,110403
"2020-08-04 00:00:00",1.349,1.41,1.349,1.41,1.369,353190.4
"2020-08-05 00:00:00",1.35,1.4,1.35,1.4,1.3743,300415
"2020-08-06 00:00:00",1.348,1.43,1.348,1.415,1.3772,419034.8
"2020-08-07 00:00:00",1.348,1.41,1.345,1.41,1.3624,513616
"2020-08-10 00:00:00",1.41,1.41,1.41,1.41,1.41,77550
"2020-08-11 00:00:00",1.36,1.42,1.36,1.42,1.3715,184467.5
"2020-08-12 00:00:00",1.34,1.36,1.34,1.36,1.346,360740
"2020-08-13 00:00:00",1.365,1.4,1.365,1.39,1.3707,621820.7
"2020-08-14 00:00:00",1.355,1.355,1.355,1.355,1.355,254740
"2020-08-17 00:00:00",1.355,1.37,1.34,1.37,1.354,430649.75
"2020-08-18 00:00:00",1.34,1.415,1.34,1.415,1.359,487949.9
"2020-08-19 00:00:00",1.348,1.37,1.348,1.35,1.3581,1682888.95
"2020-08-20 00:00:00",1.37,1.375,1.355,1.36,1.3666,618124.2
"2020-08-21 00:00:00",1.37,1.42,1.37,1.42,1.3806,359216
"2020-08-24 00:00:00",1.37,1.415,1.37,1.415,1.3768,242997.5
"2020-08-25 00:00:00",1.362,1.363,1.362,1.363,1.3625,129435
"2020-08-26 00:00:00",1.366,1.372,1.34,1.34,1.3594,236085.54
"2020-08-27 00:00:00",1.369,1.41,1.365,1.41,1.376,546000.5
"2020-08-28 00:00:00",1.37,1.375,1.37,1.374,1.374,302995.35
"2020-09-01 00:00:00",1.37,1.41,1.368,1.4,1.3753,721733.4
"2020-09-02 00:00:00",1.365,1.42,1.33,1.42,1.3982,169884.4
"2020-09-03 00:00:00",1.365,1.365,1.3,1.365,1.3637,276533
"2020-09-04 00:00:00",1.35,1.365,1.35,1.365,1.3611,517582.2
"2020-09-07 00:00:00",1.36,1.36,1.355,1.355,1.357,120592.2
"2020-09-08 00:00:00",1.36,1.365,1.35,1.35,1.3611,552105.8
"2020-09-09 00:00:00",1.355,1.365,1.355,1.365,1.3626,981016.8
"2020-09-10 00:00:00",1.368,1.375,1.365,1.375,1.3704,439801.98
"2020-09-14 00:00:00",1.37,1.3718,1.365,1.365,1.37,340284.94
"2020-09-15 00:00:00",1.37,1.38,1.345,1.345,1.3702,319108.18
"2020-09-16 00:00:00",1.37,1.38,1.37,1.38,1.3793,1215161.3
"2020-09-17 00:00:00",1.38,1.418,1.37,1.39,1.3841,252548.8
"2020-09-18 00:00:00",1.35,1.45,1.35,1.45,1.401,1959511.6
"2020-09-21 00:00:00",1.39,1.415,1.38,1.415,1.4026,559274.9
"2020-09-22 00:00:00",1.405,1.415,1.315,1.41,1.4012,508539.01
"2020-09-23 00:00:00",1.425,1.47,1.39,1.47,1.4304,806463.12
"2020-09-24 00:00:00",1.435,1.44,1.39,1.43,1.4201,668445.5
"2020-09-25 00:00:00",1.43,2.02,1.36,1.45,1.4264,1076269.7
"2020-09-28 00:00:00",1.44,1.5,1.38,1.5,1.433,1318462.3
"2020-09-29 00:00:00",1.465,1.465,1.38,1.38,1.3833,371978
"2020-09-30 00:00:00",1.45,1.55,1.38,1.55,1.4701,720678.25
"2020-10-01 00:00:00",1.5,1.53,1.39,1.47,1.4401,1011918.8
"2020-10-02 00:00:00",1.5,1.55,1.4,1.5,1.4993,1589321
"2020-10-05 00:00:00",1.52,1.6,1.41,1.565,1.5316,2009506.6
"2020-10-06 00:00:00",1.515,1.57,1.515,1.57,1.5348,1939513.86
"2020-10-07 00:00:00",1.507,1.6,1.507,1.565,1.547,2150241.4
"2020-10-08 00:00:00",1.535,1.57,1.45,1.57,1.5337,6222711.95
"2020-10-09 00:00:00",1.55,1.64,1.45,1.62,1.5653,9072171.2
"2020-10-12 00:00:00",1.6,1.67,1.51,1.63,1.6066,8553570.96
"2020-10-13 00:00:00",1.55,1.68,1.54,1.65,1.6289,6399871.5
"2020-10-14 00:00:00",1.64,1.71,1.5999,1.68,1.6566,4775325.7
"2020-10-15 00:00:00",1.69,1.76,1.625,1.7,1.702,5895850.78
"2020-10-16 00:00:00",1.745,1.783,1.65,1.72,1.7347,4289701.8
"2020-10-19 00:00:00",1.73,1.85,1.61,1.75,1.7482,4230203.98
"2020-10-20 00:00:00",1.77,1.85,1.05,1.79,1.7773,9002247.35
"2020-10-21 00:00:00",1.75,1.855,1.65,1.81,1.7791,5438983.22
"2020-10-22 00:00:00",1.76,1.82,1.65,1.81,1.7708,7541328.38
"2020-10-23 00:00:00",1.76,1.83,1.155,1.75,1.7717,8101315.66
"2020-10-26 00:00:00",1.76,1.84,1.655,1.77,1.7796,12101890.89
"2020-10-27 00:00:00",1.78,1.83,1.65,1.83,1.7993,13577104.3
"2020-10-28 00:00:00",1.8,1.86,1.6701,1.85,1.8038,13165783.15
"2020-10-30 00:00:00",1.86,1.9,1.69,1.865,1.8466,10714047.13
"2020-11-02 00:00:00",1.85,1.88,1.72,1.855,1.85,13126858
"2020-11-03 00:00:00",1.85,1.9,1.7,1.835,1.8308,8800797.28
"2020-11-04 00:00:00",1.83,1.85,1.7251,1.84,1.8273,7902773.13
"2020-11-05 00:00:00",1.83,1.9,1.76,1.86,1.8319,6193340.86
"2020-11-06 00:00:00",1.845,1.87,1.3,1.85,1.8447,12705737.31
"2020-11-09 00:00:00",1.87,1.88,1.75,1.85,1.8375,2772983.5
"2020-11-10 00:00:00",1.825,1.875,1.8,1.84,1.8386,7364677.4
"2020-11-11 00:00:00",1.82,1.95,1.75,1.835,1.837,4538421.81
"2020-11-12 00:00:00",1.8,1.8299,1.63,1.82,1.7877,2042798
"2020-11-13 00:00:00",1.745,1.78,1.655,1.755,1.7456,7134450.73
"2020-11-16 00:00:00",1.725,1.75,1.58,1.58,1.7398,926693.72
"2020-11-17 00:00:00",1.7,1.75,1.67,1.69,1.6992,2596072.1
"2020-11-18 00:00:00",1.7,1.715,1.65,1.69,1.6934,2886658.5
"2020-11-19 00:00:00",1.65,1.74,1.65,1.7,1.6906,3669540.95
"2020-11-20 00:00:00",1.69,1.74,1.6,1.74,1.6813,2766001.4
"2020-11-23 00:00:00",1.69,1.73,1.43,1.72,1.692,4831407.25
"2020-11-24 00:00:00",1.695,1.79,1.65,1.66,1.6955,3809412.5
"2020-11-25 00:00:00",1.71,1.72,1.64,1.66,1.6887,3364193.77
"2020-11-26 00:00:00",1.685,1.73,1.625,1.72,1.7008,2610450.45
"2020-11-27 00:00:00",1.67,1.74,1.66,1.705,1.7104,4629019.5
"2020-11-30 00:00:00",1.7,1.78,1.63,1.722,1.7136,2764938.83
"2020-12-01 00:00:00",1.7,1.73,1.65,1.7,1.7101,3140554.94
"2020-12-02 00:00:00",1.68,1.73,1.62,1.72,1.7145,3282157.08
"2020-12-03 00:00:00",1.725,1.74,1.6,1.71,1.7143,3223408.28
"2020-12-04 00:00:00",1.72,1.73,1.6999,1.73,1.7174,2737449
"2020-12-07 00:00:00",1.715,1.74,1.68,1.74,1.7,2668840.8
"2020-12-08 00:00:00",1.7,1.79,1.55,1.69,1.6748,2012215.97
"2020-12-09 00:00:00",1.68,1.72,1.595,1.676,1.6784,3102034.1
"2020-12-10 00:00:00",1.72,1.72,1.6,1.69,1.6584,2384209.28
"2020-12-11 00:00:00",1.68,1.75,1.5999,1.68,1.6631,1581704.54
"2020-12-14 00:00:00",1.603,1.695,1.603,1.67,1.6683,2728315.24
"2020-12-15 00:00:00",1.67,1.7,1.6,1.675,1.6704,2869416.94
"2020-12-16 00:00:00",1.68,1.69,1.66,1.665,1.6719,1697175.38
"2020-12-17 00:00:00",1.66,1.7,1.63,1.7,1.6574,1910876.4
"2020-12-18 00:00:00",1.65,1.8369,1.62,1.7,1.6647,2447969.08
"2020-12-21 00:00:00",1.62,1.67,1.62,1.65,1.6411,3867579.03
"2020-12-22 00:00:00",1.63,1.69,1.549,1.61,1.6311,2641686.65
"2020-12-23 00:00:00",1.74,1.74,1.6,1.62,1.6389,1858533.9
"2020-12-24 00:00:00",1.62,1.75,1.53,1.64,1.6264,4450855.64
"2020-12-25 00:00:00",1.62,1.69,1.525,1.66,1.6385,2101020.44
"2020-12-28 00:00:00",1.63,1.66,1.55,1.55,1.6407,3116190.2
"2020-12-29 00:00:00",1.68,1.7,1.63,1.68,1.6811,2500623.05
"2020-12-30 00:00:00",1.63,1.6951,1.6111,1.665,1.6578,1115107.35
"2020-12-31 00:00:00",1.68,1.71,1.64,1.65,1.6669,776051.02
"2021-01-04 00:00:00",1.642,1.725,1.6,1.7,1.6664,1373040.2
"2021-01-05 00:00:00",1.72,1.725,1.6,1.695,1.6855,2378869.69
"2021-01-06 00:00:00",1.705,1.73,1.61,1.7,1.7069,3419164.92
"2021-01-07 00:00:00",1.74,1.74,1.635,1.72,1.7217,3766475.41
"2021-01-08 00:00:00",1.74,1.75,1.72,1.725,1.7343,3286892.15
"2021-01-11 00:00:00",1.78,1.81,1.7,1.747,1.7472,4454311.74
"2021-01-12 00:00:00",1.78,1.79,1.6,1.75,1.7563,6486064.6
"2021-01-13 00:00:00",1.77,1.84,1.7078,1.75,1.7691,3208084.28
"2021-01-14 00:00:00",1.79,1.82,1.69,1.78,1.7791,3516274.29
"2021-01-15 00:00:00",1.79,1.82,1.7,1.8,1.7884,5067572.47
"2021-01-18 00:00:00",1.8,1.835,1.65,1.83,1.8115,3335744.96
"2021-01-19 00:00:00",1.84,1.87,1.7,1.83,1.8191,3298175.3
"2021-01-20 00:00:00",1.85,1.87,1.7,1.82,1.8195,7646210.36
"2021-01-21 00:00:00",1.87,1.87,1.78,1.84,1.8335,4693272.01
"2021-01-22 00:00:00",1.825,1.92,1.75,1.85,1.8273,4201840.96
"2021-01-25 00:00:00",1.84,1.89,1.78,1.855,1.84,8372041.41
"2021-01-26 00:00:00",1.84,1.9,1.78,1.84,1.8481,5828206.5
"2021-01-27 00:00:00",1.81,1.85,1.76,1.85,1.8112,2996759.4
"2021-01-28 00:00:00",1.845,1.875,1.75,1.84,1.8176,2170340.1
"2021-01-29 00:00:00",1.83,1.85,1.75,1.84,1.8256,5921024.05
"2021-02-01 00:00:00",1.8199,1.9,1.77,1.81,1.8279,2782716.57
"2021-02-02 00:00:00",1.8,1.833,1.725,1.813,1.807,4935331.9
"2021-02-03 00:00:00",1.8,1.83,1.75,1.8,1.7982,5134196.4
"2021-02-04 00:00:00",1.825,1.86,1.77,1.81,1.802,3492640.53
"2021-02-05 00:00:00",1.86,1.9,1.74,1.75,1.7935,2095857.9
"2021-02-08 00:00:00",1.79,1.83,1.73,1.75,1.7518,3865273.6
"2021-02-09 00:00:00",1.73,1.825,1.72,1.75,1.7457,3099413.82
"2021-02-10 00:00:00",1.73,1.805,1.69,1.73,1.7402,4624949.1
"2021-02-11 00:00:00",1.76,1.82,1.735,1.751,1.7522,3717428.66
"2021-02-12 00:00:00",1.77,1.84,1.61,1.735,1.7499,3579151.18
"2021-02-15 00:00:00",1.75,1.85,1.7275,1.77,1.7577,4851317.3
"2021-02-16 00:00:00",1.7275,1.85,1.725,1.8,1.7462,4883791.84
"2021-02-17 00:00:00",1.7275,1.83,1.7275,1.73,1.7396,3501911.94
"2021-02-18 00:00:00",1.65,1.8,1.6,1.75,1.7365,5304518.4
"2021-02-19 00:00:00",1.75,1.8,1.67,1.74,1.7347,7701057
"2021-02-22 00:00:00",1.7275,1.795,1.675,1.795,1.7415,8651064.2
"2021-02-23 00:00:00",1.74,1.8,1.7275,1.77,1.7366,8548959.78
"2021-02-24 00:00:00",1.7275,1.82,1.7,1.75,1.7425,11918782.45
"2021-02-25 00:00:00",1.74,1.8,1.7,1.77,1.7428,9095043.08
"2021-02-26 00:00:00",1.7,1.815,1.7,1.815,1.7412,12080688.78
"2021-03-01 00:00:00",1.75,1.8,1.72,1.76,1.7333,16264107.31
"2021-03-02 00:00:00",1.73,1.78,1.7275,1.77,1.7518,3262832.67
"2021-03-03 00:00:00",1.76,1.82,1.6,1.77,1.7634,6054861.42
"2021-03-04 00:00:00",1.77,1.8,1.61,1.77,1.7647,4114605.47
"2021-03-05 00:00:00",1.778,1.79,1.65,1.751,1.7531,3241109.5
"2021-03-08 00:00:00",1.77,1.79,1.655,1.78,1.7552,3438933.6
"2021-03-09 00:00:00",1.79,1.807,1.68,1.8,1.7876,8384056.85
"2021-03-10 00:00:00",1.75,1.83,1.724,1.83,1.7929,4835712.94
"2021-03-11 00:00:00",1.82,1.83,1.66,1.78,1.7939,4060039.78
"2021-03-12 00:00:00",1.76,1.83,1.7,1.79,1.7752,3539031.92
"2021-03-15 00:00:00",1.79,1.86,1.709,1.79,1.7719,2898059.48
"2021-03-16 00:00:00",1.8,1.86,1.75,1.78,1.806,3687333.4
"2021-03-17 00:00:00",1.82,1.85,1.725,1.75,1.8025,5923750.06
"2021-03-18 00:00:00",1.82,1.85,1.76,1.81,1.8041,5573678.1
"2021-03-19 00:00:00",1.8,1.83,1.77,1.83,1.8002,2965896.18
"2021-03-22 00:00:00",1.82,1.835,1.74,1.811,1.798,3483423.12
"2021-03-23 00:00:00",1.79,1.835,1.73,1.825,1.807,4427833.29
"2021-03-24 00:00:00",1.835,1.85,1.65,1.8,1.7976,4582130.6
"2021-03-25 00:00:00",1.81,1.835,1.75,1.83,1.8072,5231061.55
"2021-03-26 00:00:00",1.82,1.85,1.76,1.85,1.813,5187714.8
"2021-03-30 00:00:00",1.82,1.87,1.759,1.85,1.8366,12487013.74
"2021-03-31 00:00:00",1.82,1.89,1.77,1.87,1.8476,7705872
"2021-04-01 00:00:00",1.85,1.88,1.77,1.77,1.8572,8444668.95
"2021-04-02 00:00:00",1.85,1.9,1.76,1.865,1.8526,5358497.85
"2021-04-05 00:00:00",1.85,1.885,1.8,1.85,1.8589,6526541.69
"2021-04-06 00:00:00",1.86,1.92,1.81,1.881,1.8713,8657562.23
"2021-04-07 00:00:00",1.85,1.935,1.83,1.88,1.8911,4114000.93
"2021-04-08 00:00:00",1.91,1.93,1.815,1.89,1.894,7248791.4
"2021-04-09 00:00:00",1.91,1.945,1.84,1.895,1.9015,3857914.15
"2021-04-12 00:00:00",1.86,1.95,1.82,1.92,1.9014,12193276.35
"2021-04-13 00:00:00",1.91,1.9555,1.83,1.855,1.9164,11156035.82
"2021-04-14 00:00:00",1.945,1.955,1.86,1.87,1.9325,5618110.38
"2021-04-15 00:00:00",1.91,1.96,1.79,1.93,1.9288,4000310.7
"2021-04-16 00:00:00",1.97,1.97,1.85,1.945,1.9286,5742055
"2021-04-19 00:00:00",1.93,2,1.85,1.98,1.9508,15336995.59
"2021-04-20 00:00:00",1.94,2,1.895,1.98,1.9528,7542543.07
"2021-04-21 00:00:00",1.95,2,1.865,1.975,1.9574,5494443.9
"2021-04-22 00:00:00",1.95,2.05,1.865,1.96,1.9698,6172691.38
"2021-04-26 00:00:00",1.99,2.035,1.85,2.01,1.9892,9826479.16
"2021-04-27 00:00:00",1.97,2.039,1.86,2,1.986,9307410.44
"2021-04-28 00:00:00",2,2.05,1.875,1.91,1.9755,16311258.31
"2021-04-29 00:00:00",2.05,2.05,1.88,2.002,1.9797,11833786.05
"2021-04-30 00:00:00",1.991,2.03,1.9,1.98,1.9818,2569965.83
"2021-05-03 00:00:00",2,2.06,1.9,1.97,2.0074,10383887.54
"2021-05-04 00:00:00",2.04,2.09,1.95,2.02,2.011,14871453.9
"2021-05-05 00:00:00",2.05,2.08,1.98,2.05,2.0418,10715866.9
"2021-05-06 00:00:00",2.07,2.1,2,2.085,2.0705,12445043.22
"2021-05-07 00:00:00",2.13,2.15,2.015,2.1,2.0931,10950575.9
"2021-05-10 00:00:00",2.15,2.15,1.99,2.15,2.1096,3174130.16
"2021-05-11 00:00:00",2.135,2.18,2,2.18,2.1322,5201909.22
"2021-05-12 00:00:00",2.14,2.16,2.13,2.155,2.1484,570930.96
"2021-05-17 00:00:00",2.18,2.2,2.02,2.19,2.1598,6066235.75
"2021-05-18 00:00:00",2.195,2.225,2.04,2.2,2.1546,9655932.04
"2021-05-20 00:00:00",2.243,2.315,1.75,2.28,2.2704,10115491.46
"2021-05-21 00:00:00",2.37,2.42,2.195,2.349,2.3361,5442494.36
"2021-05-24 00:00:00",2.45,2.5,2.25,2.42,2.4392,7998852.71
"2021-05-25 00:00:00",2.5,2.53,2.277,2.5,2.4947,20661870.76
"2021-05-26 00:00:00",2.47,2.55,2.35,2.52,2.5015,20354265.67
"2021-05-27 00:00:00",2.41,2.54,2.3,2.505,2.4677,14571980.56
"2021-05-28 00:00:00",2.4,2.48,2.32,2.4,2.4046,16858041.04
"2021-05-31 00:00:00",2.4,2.465,2.28,2.4,2.4011,14276114.29
"2021-06-01 00:00:00",2.42,2.48,2.32,2.415,2.439,9587726.7
"2021-06-02 00:00:00",2.52,2.6,2.31,2.51,2.4882,12415006.37
"2021-06-03 00:00:00",2.45,2.55,2.38,2.48,2.4899,5588483
"2021-06-04 00:00:00",2.515,2.55,2.48,2.52,2.5126,5504336.35
"2021-06-07 00:00:00",2.515,2.53,2.4,2.5,2.4975,6764795.95
"2021-06-08 00:00:00",2.47,2.57,2.35,2.499,2.4985,13783876.47
"2021-06-09 00:00:00",2.5,2.53,2.45,2.47,2.4777,7102774.1
"2021-06-10 00:00:00",2.47,2.505,2.3482,2.47,2.4564,10516816.54
"2021-06-11 00:00:00",2.49,2.55,2.34,2.48,2.4601,9916344.1
"2021-06-14 00:00:00",2.52,2.52,2.42,2.47,2.4556,13309886.55
"2021-06-15 00:00:00",2.42,2.515,2.32,2.47,2.4431,9950756.15
"2021-06-16 00:00:00",2.44,2.51,2.349,2.45,2.4256,5398766
"2021-06-17 00:00:00",2.39,2.48,2.275,2.405,2.4081,6160115.15
"2021-06-18 00:00:00",2.4,2.5,2.3,2.42,2.4127,5746029.89
"2021-06-21 00:00:00",2.48,2.5,2.395,2.455,2.4138,7896518.3
"2021-06-22 00:00:00",2.39,2.55,2.295,2.43,2.4333,3568920.35
"2021-06-23 00:00:00",2.38,2.46,2.27,2.43,2.4115,3734478.85
"2021-06-24 00:00:00",2.4,2.45,2.1,2.45,2.3514,3209311.4
"2021-06-25 00:00:00",2.38,2.45,2.29,2.42,2.3714,1398851.18
"2021-06-28 00:00:00",2.37,2.49,2.325,2.38,2.3837,1582788.58
"2021-06-29 00:00:00",2.37,2.42,2.3,2.4,2.3602,1268047.6
"2021-06-30 00:00:00",2.355,2.4,2.3,2.4,2.3205,2700727.88
"2021-07-01 00:00:00",2.36,2.5,2.32,2.37,2.3384,4102828.39
"2021-07-02 00:00:00",2.395,2.4,2.239,2.35,2.3489,790562.26
"2021-07-05 00:00:00",2.4,2.48,2.3,2.35,2.3778,826366.1
"2021-07-06 00:00:00",2.4,2.46,2.15,2.4,2.3582,3790299.7
"2021-07-07 00:00:00",2.35,2.44,2.29,2.375,2.3611,5077665.8
"2021-07-08 00:00:00",2.335,2.41,2.28,2.41,2.3507,4160952.28
"2021-07-09 00:00:00",2.44,2.5,2.32,2.33,2.3542,7737301.2
"2021-07-12 00:00:00",2.3,2.39,2.29,2.37,2.3433,4582619.36
"2021-07-13 00:00:00",2.33,2.41,2.2,2.36,2.3463,6301719.75
"2021-07-14 00:00:00",2.3,2.5,2.29,2.34,2.3541,3213329.83
"2021-07-16 00:00:00",2.35,2.45,2.29,2.35,2.3687,3745178.95
"2021-07-19 00:00:00",2.36,2.42,2.36,2.42,2.3737,578159.4
"2021-07-26 00:00:00",2.37,2.42,2.3,2.42,2.3408,5648862.83
"2021-07-27 00:00:00",2.36,2.45,2.29,2.38,2.3703,6207007.6
"2021-07-28 00:00:00",2.375,2.48,2.32,2.39,2.3845,3649108.88
"2021-07-29 00:00:00",2.42,2.42,2.32,2.38,2.3656,1106889.2
"2021-07-30 00:00:00",2.35,2.43,2.35,2.42,2.381,905883.18
"2021-08-02 00:00:00",2.33,2.375,2.33,2.365,2.3607,834287.71
"2021-08-03 00:00:00",2.37,2.45,2.29,2.34,2.3607,1468988
"2021-08-04 00:00:00",2.38,2.4,2.32,2.4,2.359,3789999.71
"2021-08-05 00:00:00",2.34,2.39,2.2999,2.39,2.3614,709750.85
"2021-08-06 00:00:00",2.35,2.37,2.3,2.35,2.3551,1169629.2
"2021-08-09 00:00:00",2.36,2.4,2.275,2.37,2.3475,2271649.58
"2021-08-10 00:00:00",2.45,2.45,2.275,2.35,2.3454,4205713.51
"2021-08-11 00:00:00",2.3,2.39,2.27,2.37,2.3437,1895120.4
"2021-08-12 00:00:00",2.3,2.4,2.2,2.37,2.3355,2082176.35
"2021-08-13 00:00:00",2.2995,2.405,2.28,2.39,2.3301,2537374.26
"2021-08-16 00:00:00",2.32,2.42,2.23,2.3,2.3416,2674939.9
"2021-08-17 00:00:00",2.35,2.45,2.28,2.4,2.363,7565424.13
"2021-08-18 00:00:00",2.37,2.5,2.28,2.45,2.4057,5624488
"2021-08-19 00:00:00",2.43,2.52,2.29,2.47,2.4393,1586202.5
"2021-08-20 00:00:00",2.43,2.52,2.36,2.5,2.4371,985905.78
"2021-08-23 00:00:00",2.46,2.582,2.45,2.55,2.5316,8611329.94
"2021-08-24 00:00:00",2.555,2.66,2.45,2.59,2.5523,4410390.65
"2021-08-25 00:00:00",2.535,2.63,2.425,2.62,2.5394,5832152.38
"2021-08-26 00:00:00",2.475,2.55,2.45,2.55,2.4804,2762846.75
"2021-08-27 00:00:00",2.47,2.58,2.45,2.52,2.4707,2996726.6
"2021-08-31 00:00:00",2.47,2.552,2.44,2.552,2.4757,1966804.4
"2021-09-01 00:00:00",2.45,2.65,2.445,2.57,2.4863,2132493.5
"2021-09-02 00:00:00",2.45,2.58,2.43,2.525,2.462,3244310.95
"2021-09-03 00:00:00",2.52,2.55,2.43,2.43,2.4715,3351596.6
"2021-09-06 00:00:00",2.48,2.58,2.25,2.25,2.4947,4702839.61
"2021-09-07 00:00:00",2.49,2.6,2.349,2.6,2.5273,8348919.41
"2021-09-08 00:00:00",2.5,2.51,2.5,2.51,2.5038,1397068.4
"2021-09-09 00:00:00",2.52,2.61,2.3,2.55,2.5515,3109275.94
"2021-09-10 00:00:00",2.51,2.605,2.435,2.6,2.5041,2940519.9
"2021-09-13 00:00:00",2.515,2.575,2.45,2.49,2.4977,3762820.5
"2021-09-14 00:00:00",2.52,2.65,2.45,2.61,2.5092,4035276.4
"2021-09-15 00:00:00",2.5,2.65,2.45,2.65,2.5221,2926671.9
"2021-09-16 00:00:00",2.53,2.55,2.48,2.52,2.5312,948064.56
"2021-09-17 00:00:00",2.52,2.61,2.48,2.565,2.5313,4413582.2
"2021-09-20 00:00:00",2.57,2.65,2.5,2.55,2.5704,4569918.32
"2021-09-21 00:00:00",2.585,2.65,2.4,2.65,2.5899,6300056.03
"2021-09-22 00:00:00",2.59,2.69,2.3,2.3,2.5931,6394310.22
"2021-09-23 00:00:00",2.6,2.69,2.48,2.54,2.6085,1878756.06
"2021-09-24 00:00:00",2.62,2.7,2.56,2.67,2.66,1567194.55
"2021-09-27 00:00:00",2.65,2.69,2.6,2.66,2.6511,3251579
"2021-09-28 00:00:00",2.65,2.72,2.6,2.69,2.6571,4298556.9
"2021-09-29 00:00:00",2.65,2.88,2.625,2.7,2.6782,2313522.92
"2021-09-30 00:00:00",2.65,2.8,2.6,2.6,2.6814,2753083.25
"2021-10-01 00:00:00",2.7,2.78,2.5955,2.78,2.7032,5198494.04
"2021-10-04 00:00:00",2.7,2.805,2.6,2.805,2.7543,298426.9
"2021-10-05 00:00:00",2.7,2.795,2.7,2.79,2.7111,3728856.62
"2021-10-06 00:00:00",2.705,2.765,2.5,2.72,2.7087,1823917.39
"2021-10-07 00:00:00",2.7,2.77,2.6,2.75,2.7158,2187161.85
"2021-10-08 00:00:00",2.71,2.745,2.71,2.745,2.7162,764925.2
"2021-10-11 00:00:00",2.71,2.8,2.576,2.63,2.711,2502470.49
"2021-10-12 00:00:00",2.7,2.74,2.6,2.6,2.6997,5078779
"2021-10-13 00:00:00",2.71,2.75,2.6,2.6,2.6868,5206808.17
"2021-10-14 00:00:00",2.71,2.81,2.63,2.78,2.7297,4184415.17
"2021-10-15 00:00:00",2.7,2.805,2.5,2.805,2.7172,4163166.19
"2021-10-18 00:00:00",2.75,2.9,2.621,2.85,2.7683,5847418.5
"2021-10-19 00:00:00",2.78,2.97,2.62,2.65,2.7494,3416704.32
"2021-10-20 00:00:00",2.8,2.93,2.64,2.8,2.787,4806205.55
"2021-10-21 00:00:00",2.86,2.9,2.66,2.72,2.7901,5028466.82
"2021-10-22 00:00:00",2.825,2.95,2.74,2.9,2.8699,6377199.65
"2021-10-25 00:00:00",2.95,3,2.8,2.8,2.9327,2987478.72
"2021-10-26 00:00:00",2.94,2.98,2.75,2.86,2.896,5174812.41
"2021-10-27 00:00:00",2.8,2.98,2.78,2.88,2.892,5392777.22
"2021-10-28 00:00:00",2.9,2.919,2.8,2.85,2.8963,3745581.25
"2021-11-01 00:00:00",2.91,2.91,2.8,2.85,2.8812,6867868.94
"2021-11-02 00:00:00",2.9,3,2.775,2.9,2.8991,8550183.2
"2021-11-03 00:00:00",2.895,3,2.79,2.9,2.8961,8089245.4
"2021-11-04 00:00:00",2.91,2.98,2.8,2.8,2.8851,4358400.28
"2021-11-05 00:00:00",2.86,2.95,2.7,2.825,2.8972,7062981.09
"2021-11-08 00:00:00",2.84,2.92,2.8,2.9,2.8853,4726304.08
"2021-11-09 00:00:00",2.93,2.95,2.848,2.92,2.9032,11465688.4
"2021-11-10 00:00:00",2.86,2.95,2.69,2.91,2.8877,9093773.5
"2021-11-11 00:00:00",2.87,2.95,2.731,2.75,2.8973,7850971.72
"2021-11-12 00:00:00",2.86,2.95,2.74,2.92,2.8925,9468375.52
"2021-11-15 00:00:00",2.9,3.05,2.75,2.92,2.9131,16674710.22
"2021-11-16 00:00:00",2.92,3.2,2.77,2.96,2.945,19346711.46
"2021-11-17 00:00:00",3,3.4,2.94,3,3.1008,16823831.62
"2021-11-18 00:00:00",3.4,3.45,2.9,3.2,3.2662,9702849.54
"2021-11-19 00:00:00",3.19,3.5,3,3.35,3.3824,16046032.7
"2021-11-22 00:00:00",3.08,3.5,3,3.31,3.3439,15465602.98
"2021-11-23 00:00:00",3.4,3.685,3.047,3.37,3.3486,34651972.05
"2021-11-24 00:00:00",3.5,3.7,3.3,3.45,3.5124,28568200.61
"2021-11-25 00:00:00",3.378,3.7,3.378,3.595,3.583,30075591.13
"2021-11-26 00:00:00",3.65,3.845,3.08,3.6,3.6529,16875022
"2021-11-29 00:00:00",3.8,3.9,3.5,3.6,3.7427,24931639.07
"2021-11-30 00:00:00",3.95,3.95,3.261,3.7,3.7854,34526817
"2021-12-01 00:00:00",3.85,3.95,3.318,3.76,3.7987,29193633.19
"2021-12-02 00:00:00",4.08,4.08,3.6,3.865,3.8514,35783518.46
"2021-12-03 00:00:00",3.86,4.09,3.09,3.9,3.8779,32408716.05
"2021-12-06 00:00:00",4,4.4,3.83,3.98,3.9684,33126473.55
"2021-12-07 00:00:00",4.025,4.1,3.85,4.04,4.009,35417171.34
"2021-12-08 00:00:00",4,4.085,3.93,4,3.9908,15561969.18
"2021-12-09 00:00:00",4.07,4.1,3.9,3.945,3.9708,20024319.74
"2021-12-10 00:00:00",3.95,4,3.7,3.895,3.9151,12423823.45
"2021-12-13 00:00:00",3.95,4.1,3.6,3.85,3.9222,43805046.61
"2021-12-14 00:00:00",3.93,4.1,3.75,3.949,3.9329,17088846.13
"2021-12-15 00:00:00",3.895,4.1,3.83,3.94,3.9455,21824902.28
"2021-12-16 00:00:00",4,4.15,3.87,3.95,3.9641,22112662.45
"2021-12-17 00:00:00",4.1,4.25,3.9,4,4.1047,36178290.46
"2021-12-20 00:00:00",4.7,4.7,3.9,4.45,4.4503,33733800.47
"2021-12-21 00:00:00",3.9,4.2,3.65,4,3.9414,17416384
"2021-12-22 00:00:00",3.9,4,3.69,3.875,3.8339,17577119.32
"2021-12-23 00:00:00",3.77,3.78,3.3,3.7,3.5833,6050921.43
"2021-12-24 00:00:00",3.45,3.6,3.05,3.295,3.3602,8763924.63
"2021-12-27 00:00:00",3.25,3.485,3.15,3.29,3.2781,9447645.4
"2021-12-28 00:00:00",3.285,3.96,2.875,3.35,3.3599,12969641.51
"2021-12-29 00:00:00",3.4,3.65,3.25,3.5,3.5723,13544227.32
"2021-12-30 00:00:00",3.73,3.85,3.4,3.75,3.7425,9384617.85
"2021-12-31 00:00:00",3.7,3.85,3.45,3.645,3.7343,9999764.38
"2022-01-03 00:00:00",3.85,4,3.68,3.8,3.8741,8261211.34
"2022-01-04 00:00:00",3.8,3.97,3.65,3.8,3.7944,8047902.42
"2022-01-05 00:00:00",3.8,3.95,3.699,3.79,3.7952,9015189.74
"2022-01-06 00:00:00",3.75,3.95,3.65,3.8,3.7774,21818462.14
"2022-01-07 00:00:00",3.85,3.95,3.7,3.7,3.8025,15336904.58
"2022-01-10 00:00:00",3.79,3.9,3.7,3.79,3.7815,11600281.02
"2022-01-11 00:00:00",3.75,3.83,3.25,3.75,3.774,12118263.61
"2022-01-12 00:00:00",3.76,3.85,3.6,3.74,3.7328,10341091.78
"2022-01-13 00:00:00",3.76,3.8,3.6,3.7,3.6934,6898713.48
"2022-01-14 00:00:00",3.7,3.8,3.58,3.72,3.7001,8917127.55
"2022-01-17 00:00:00",3.78,3.82,3.15,3.71,3.7261,14639909.91
"2022-01-18 00:00:00",3.7,3.81,3.65,3.69,3.7234,10216976.34
"2022-01-19 00:00:00",3.72,3.8,3.4,3.7,3.721,12185776.9
"2022-01-20 00:00:00",3.7,3.8,3.35,3.65,3.7181,11285669.21
"2022-01-21 00:00:00",3.725,3.8,3.5,3.65,3.6439,7154501.47
"2022-01-24 00:00:00",3.675,3.71,3.55,3.64,3.6591,8807775.18
"2022-01-25 00:00:00",3.675,3.72,3.4999,3.65,3.6549,11243447.31
"2022-01-26 00:00:00",3.7,3.8,3.5,3.625,3.676,9943496.36
"2022-01-27 00:00:00",3.65,3.8,3.55,3.65,3.6796,10003425.57
"2022-01-28 00:00:00",3.7,3.8,3.45,3.64,3.6766,9419782.12
"2022-01-31 00:00:00",3.7,3.78,3.5,3.65,3.6582,9635374.08
"2022-02-01 00:00:00",3.68,3.75,3.5,3.69,3.6699,8520313.4
"2022-02-02 00:00:00",3.685,3.75,3.6,3.679,3.675,7808712.6
"2022-02-03 00:00:00",3.7,3.78,3.4,3.69,3.6825,11817223.63
"2022-02-04 00:00:00",3.72,3.95,3.545,3.7,3.7092,6666094.45
"2022-02-07 00:00:00",3.75,3.77,3.5,3.72,3.7127,10553433.3
"2022-02-08 00:00:00",3.722,3.8,3.5,3.74,3.7238,10696454.92
"2022-02-09 00:00:00",3.7,3.85,3.5501,3.76,3.7549,9508420.81
"2022-02-10 00:00:00",3.8,3.88,3.5,3.67,3.7678,11744074.98
"2022-02-11 00:00:00",3.76,3.9,3.5909,3.77,3.769,6869141.05
"2022-02-14 00:00:00",3.85,3.95,3.65,3.8,3.8166,7825349.19
"2022-02-15 00:00:00",3.85,4,3.58,3.75,3.8311,7000793.24
"2022-02-16 00:00:00",3.85,3.955,3.6,3.78,3.8364,11409193.88
"2022-02-17 00:00:00",3.85,3.95,3.6,3.8,3.8267,6692284.05
"2022-02-18 00:00:00",3.82,3.91,3.2,3.85,3.8114,6655845.92
"2022-02-21 00:00:00",3.9,3.96,3.57,3.81,3.847,13158169.95
"2022-02-22 00:00:00",3.85,3.98,3.6103,3.92,3.8752,19447894.71
"2022-02-23 00:00:00",3.87,4,3.63,3.9,3.8771,8680345.89
"2022-02-24 00:00:00",4.1,4.15,3.8,3.99,4.0149,19835499.08
"2022-02-25 00:00:00",4.129,4.2,3.9,4.149,4.1201,38072953.74
"2022-02-28 00:00:00",4.15,4.3,3.5,4.035,4.175,32677181.61
"2022-03-01 00:00:00",4.25,4.35,4,4.26,4.2363,34406914.63
"2022-03-02 00:00:00",4.35,4.55,4.2,4.3,4.4115,67127348.81
"2022-03-03 00:00:00",4.8,5,3.65,4.7,4.7879,65733024.07
"2022-03-04 00:00:00",4.99,5.21,4.1,4.92,4.9032,72877964.14
"2022-03-07 00:00:00",4.873,5,4,4.9,4.8665,41730097.83
"2022-03-08 00:00:00",4.87,5.1,4.2,4.9,4.9019,37335788.64
"2022-03-09 00:00:00",4.9,5.1,4.6,4.85,4.9017,42604932.38
"2022-03-10 00:00:00",4.83,5.05,4.4,4.9,4.816,36228017.64
"2022-03-11 00:00:00",4.9,5,4.4,4.69,4.7582,21729174.18
"2022-03-14 00:00:00",4.7,4.95,4.5,4.74,4.7104,25242080.74
"2022-03-15 00:00:00",4.7,4.9,4.5,4.65,4.7108,29644667.56
"2022-03-16 00:00:00",4.6,5.5,4.2,4.7,4.6993,25742234.64
"2022-03-17 00:00:00",4.74,4.8,4.5,4.75,4.7051,28009091.06
"2022-03-18 00:00:00",4.75,5.4,4.5,4.75,4.7648,29928050.59
"2022-03-21 00:00:00",4.95,5.05,4.5,4.88,4.9021,30022033.26
"2022-03-22 00:00:00",4.95,5.25,4.65,5,4.9633,39333161.61
"2022-03-23 00:00:00",4.98,5.18,4.7,5,4.9521,30351985.05
"2022-03-24 00:00:00",4.99,5.25,4.74,5.25,4.9384,35784741.52
"2022-03-25 00:00:00",4.99,5.2,4.7,4.9,4.9763,45821927.52
"2022-03-28 00:00:00",5.05,5.3,4.8,4.85,5.0626,22317418.07
"2022-03-29 00:00:00",5.1,5.25,4.85,5.1,5.1023,40843463.34
"2022-03-30 00:00:00",5.1,5.23,4.9,5.07,5.1162,36777118.02
"2022-03-31 00:00:00",5,5.3,4.85,5,5.107,20851159.95
"2022-04-01 00:00:00",5.1101,5.4,4.85,5.13,5.1276,42251275.92
"2022-04-04 00:00:00",5,5.2989,4.8,5.13,5.1234,29186327.13
"2022-04-05 00:00:00",5.1,5.21,4.85,5.16,5.1373,28190097.14
"2022-04-06 00:00:00",5.145,5.25,4.85,5.15,5.1392,36436634.32
"2022-04-07 00:00:00",5.15,5.3,4.85,5,5.1584,36300238.55
"2022-04-08 00:00:00",5.2,5.35,4.89,5.21,5.1906,23755539.2
"2022-04-11 00:00:00",5.16,5.4,4.35,5.1,5.1604,25720409.16
"2022-04-12 00:00:00",5.2,5.325,4.85,5.2,5.1697,26696990.16
"2022-04-13 00:00:00",5.15,5.5,4.85,5.19,5.1706,19740948.81
"2022-04-14 00:00:00",5.15,5.325,4.84,5.1,5.1504,15166557.91
"2022-04-15 00:00:00",5.2,5.35,5,5.12,5.1766,14736551.01
"2022-04-18 00:00:00",5.15,5.33,4.89,5.13,5.1578,20836500.01
"2022-04-19 00:00:00",5.15,5.295,5,5.15,5.1608,25161082.23
"2022-04-20 00:00:00",5.15,5.45,4.9,5.125,5.1582,14500554.28
"2022-04-21 00:00:00",5.175,5.2551,4.9,5.185,5.1953,31037280.02
"2022-04-22 00:00:00",5.2,5.27,4.85,5.21,5.1959,15408715.04
"2022-04-25 00:00:00",5.2,5.3,4.825,5.21,5.2136,28579633.21
"2022-04-26 00:00:00",5.24,5.3,4.95,5.21,5.2068,20705183.45
"2022-04-27 00:00:00",5.2,5.4,4,5.2,5.212,15765506.76
"2022-04-28 00:00:00",5.21,5.32,4.95,5.215,5.2036,15804288.98
"2022-04-29 00:00:00",5.2,5.4,5.1,5.2,5.2169,21700817.55
"2022-05-05 00:00:00",5.2,5.45,5,5.23,5.2434,22837756.1
"2022-05-06 00:00:00",5.35,5.8,5.023,5.27,5.3017,23661823.75
"2022-05-09 00:00:00",5.3,5.65,5.2,5.5,5.4417,41140366.19
"2022-05-10 00:00:00",5.4,5.75,5,5.55,5.5989,43900681.19
"2022-05-11 00:00:00",5.85,6.32,4.99,5.95,5.9512,41350045.18
"2022-05-12 00:00:00",6,6.5,5.9,6,6.0254,36065196.71
"2022-05-13 00:00:00",5.98,6.05,4.49,5.8,5.8626,21384027.95
"2022-05-16 00:00:00",5.82,6,5.25,5.8,5.8375,20839821.24
"2022-05-17 00:00:00",5.93,6.2,5.6,5.8,5.9256,24731140.09
"2022-05-18 00:00:00",5.95,6.15,5.65,5.98,5.9959,33388623.41
"2022-05-20 00:00:00",5.985,6.2,5.63,6,5.995,26670772.39
"2022-05-23 00:00:00",5.9,6.12,5.9,6.05,6.0187,28983173.45
"2022-05-24 00:00:00",6,6.5,5.5,6,6.0344,25976344.81
"2022-05-25 00:00:00",6.05,6.2,5.019,6.05,6.0404,52557240.92
"2022-05-26 00:00:00",6.095,6.28,5.05,6.149,6.1127,44591759.09
"2022-05-27 00:00:00",6.35,7,6,6.2,6.2244,45907645.92
"2022-05-30 00:00:00",6.3,6.35,6,6.3,6.2699,21154697.02
"2022-05-31 00:00:00",6.2,6.5,6.029,6.21,6.2506,39465109.25
"2022-06-01 00:00:00",6.175,6.55,5.95,6.2,6.2276,24422790.24
"2022-06-02 00:00:00",6.18,6.4,6,6.2,6.2129,40823925.06
"2022-06-03 00:00:00",6.15,6.425,5,6.14,6.1385,17000594.05
"2022-06-06 00:00:00",6.185,6.4,6,6.195,6.2011,46890337.81
"2022-06-07 00:00:00",6.155,6.4,6.01,6.25,6.2188,33800512.67
"2022-06-08 00:00:00",6.25,6.62,5.95,6.325,6.2738,64527576.67
"2022-06-09 00:00:00",6.3,6.55,6.0999,6.35,6.3711,46728692.65
"2022-06-10 00:00:00",6.38,6.65,6.23,6.5,6.3974,41172717.2
"2022-06-13 00:00:00",6.4,6.65,5.0717,6,6.493,25251546.26
"2022-06-14 00:00:00",6.35,6.7,6.2,6.5,6.4716,24439520.81
"2022-06-15 00:00:00",6.39,6.69,6.2,6.49,6.4695,37816195.96
"2022-06-16 00:00:00",6.43,6.7,6.19,6.45,6.4525,17093918.87
"2022-06-17 00:00:00",6.389,6.6,6.125,6.425,6.4188,9631352.98
"2022-06-20 00:00:00",6.4,6.5,6.145,6.3,6.3601,18121413.93
"2022-06-21 00:00:00",6.19,6.65,5.8,6.23,6.2095,12840957.66
"2022-06-22 00:00:00",6.129,6.56,6,6.1,6.1535,30428124.85
"2022-06-23 00:00:00",6.03,6.3,5.85,6.05,6.0326,16569655.03
"2022-06-24 00:00:00",6.1,6.15,5.65,5.93,5.9571,16950148.2
"2022-06-27 00:00:00",6,6.4,4.96,5.9,5.8001,13977730.18
"2022-06-28 00:00:00",6,6.6666,5.5,5.75,5.6768,17892075.63
"2022-06-29 00:00:00",5.65,6.05,5.2,5.7,5.7835,18030390.44
"2022-06-30 00:00:00",5.85,6.01,5,5.75,5.7784,14899123.15
"2022-07-01 00:00:00",5.95,6.656,5.55,6,5.8856,19971221.5
"2022-07-04 00:00:00",6,6.3,5.49,6,6.0037,8757164.38
"2022-07-05 00:00:00",6,6.45,4.85,5.9,5.9775,14766625.17
"2022-07-06 00:00:00",5.88,6.15,5,5,5.9945,7552211.62
"2022-07-07 00:00:00",5.9,6.25,5.63,5.8,5.9652,7550238.54
"2022-07-08 00:00:00",6.1,6.1,5.8,5.93,5.9455,3084869.43
"2022-07-13 00:00:00",6.1,6.2,5.675,6.15,5.949,3555989.84
"2022-07-14 00:00:00",5.6,6.15,5.4,5.85,5.8931,7174347.51
"2022-07-18 00:00:00",5.9,6.05,5.67,5.85,5.8456,12058530.21
"2022-07-19 00:00:00",6,6.5,5,5.9,5.83,12420063.36
"2022-07-20 00:00:00",5.7,5.975,5,5.89,5.8068,10794430.89
"2022-07-21 00:00:00",5.83,6,5,5.95,5.7887,26862497.1
"2022-07-22 00:00:00",5.65,6,5,6,5.7774,14021060.72
"2022-07-25 00:00:00",5.65,6.055,5.5,5.8,5.7454,26445284.28
"2022-07-26 00:00:00",5.6,6.5,5.05,5.8,5.716,17681337.7
"2022-07-27 00:00:00",5.6,6,5.5,5.8,5.7137,21283273.57
"2022-07-28 00:00:00",5.63,5.85,5,5.7,5.6663,29449733.35
"2022-07-29 00:00:00",5.63,6,5,5.7,5.6719,11240298.78
"2022-08-01 00:00:00",5.55,6,5.1,5.649,5.638,28767022.57
"2022-08-02 00:00:00",5.58,5.85,5.53,5.63,5.6432,23387663
"2022-08-03 00:00:00",5.595,5.95,5.5,5.7,5.6633,29278115.35
"2022-08-04 00:00:00",5.75,6,5.5,5.5,5.6823,18108153.64
"2022-08-05 00:00:00",5.5,5.925,5.5,5.7,5.717,24861729.66
"2022-08-08 00:00:00",5.75,6,5.4,5.7,5.6497,12867049.14
"2022-08-09 00:00:00",5.7,5.9,5.35,5.57,5.5987,12846634.55
"2022-08-10 00:00:00",5.5,5.8,5.1,5.54,5.6422,13894852.76
"2022-08-11 00:00:00",5.59,5.8,5.35,5.53,5.5602,11421539.36
"2022-08-12 00:00:00",5.55,5.8,5.5,5.55,5.5841,7327296.51
"2022-08-15 00:00:00",5.5,6.075,5.4,5.55,5.5826,11120781.2
"2022-08-16 00:00:00",5.55,5.9,5.3,5.595,5.5894,9508267.92
"2022-08-17 00:00:00",5.6,5.85,5.3,5.575,5.5845,19641052.66
"2022-08-18 00:00:00",5.57,5.7,5,5.59,5.5497,4956101.38
"2022-08-19 00:00:00",5.57,5.75,5,5.55,5.5713,9263641.4
"2022-08-22 00:00:00",5.7,5.75,5,5.58,5.5625,5004430.44
"2022-08-23 00:00:00",5.6499,5.9,5.2,5.6,5.6015,5660142.22
"2022-08-24 00:00:00",5.65,5.8,5.4,5.5001,5.5145,14667039.53
"2022-08-25 00:00:00",5.55,5.75,5,5.5,5.5272,8957569.89
"2022-08-26 00:00:00",5.5,5.75,4.9,5.5299,5.5236,10874708.35
"2022-08-29 00:00:00",5.5,5.8,5.15,5.55,5.5094,11289338.79
"2022-08-31 00:00:00",5.55,5.78,5,5.475,5.5234,12314102.45
"2022-09-01 00:00:00",5.55,6,5.2,5.55,5.5364,11978370.47
"2022-09-02 00:00:00",5.55,5.7,5.4,5.5,5.5207,15262951.16
"2022-09-05 00:00:00",5.51,5.75,5.1,5.5,5.5401,26566133.5
"2022-09-06 00:00:00",5.45,5.6,5.2,5.5,5.5199,29346044.89
"2022-09-07 00:00:00",5.5,5.8,5.1,5.53,5.5396,15402112.9
"2022-09-08 00:00:00",5.5,5.7,5.25,5.48,5.5304,13659952.09
"2022-09-09 00:00:00",5.43,5.7,5.25,5.5,5.5149,9001493.75
"2022-09-12 00:00:00",5.5,5.75,5,5.55,5.534,17134102.47
"2022-09-13 00:00:00",5.5,5.75,4.4,5.5,5.5472,15737493.17
"2022-09-14 00:00:00",5.55,5.7,4.57,5.55,5.5627,22278858.19
"2022-09-15 00:00:00",5.58,5.78,5.48,5.55,5.6031,13799762.66
"2022-09-16 00:00:00",5.55,5.675,5.45,5.54,5.5946,13027449.63
"2022-09-19 00:00:00",5.5,6.1,5.48,5.59,5.6069,20954176.46
"2022-09-20 00:00:00",5.63,5.7,5,5.6,5.609,10016572.08
"2022-09-21 00:00:00",5.67,5.8,5.25,5.65,5.6552,40886433.91
"2022-09-22 00:00:00",5.699,5.79,5.4,5.65,5.6592,19547805.85
"2022-09-23 00:00:00",5.685,5.8,5.5,5.68,5.6629,23884360.07
"2022-09-26 00:00:00",5.65,5.75,5.39,5.65,5.6458,15282071.57
"2022-09-27 00:00:00",5.65,5.8,5.5,5.59,5.6402,14254792.04
"2022-09-28 00:00:00",5.6,5.66,5.5,5.55,5.6228,22894811.35
"2022-09-29 00:00:00",5.6,5.7,5.4,5.65,5.6312,20878860.74
"2022-09-30 00:00:00",5.645,5.73,4.48,5.5,5.632,21471359.1
"2022-10-03 00:00:00",5.625,5.7,4.95,5.6,5.6354,20665614.2
"2022-10-04 00:00:00",5.65,5.8,5.36,5.575,5.6369,16484806.81
"2022-10-05 00:00:00",5.64,5.7,5.4,5.45,5.6117,22803678.66
"2022-10-06 00:00:00",5.6,5.69,4.68,5.48,5.5699,8020573.33
"2022-10-07 00:00:00",5.6,5.68,5,5.5,5.5687,11199597.21
"2022-10-10 00:00:00",5.6,5.7,5,5.45,5.5318,9806066.76
"2022-10-11 00:00:00",5.6,5.75,5,5,5.5776,15318048.55
"2022-10-12 00:00:00",5.6,5.65,5.2,5.47,5.5654,12454161.39
"2022-10-13 00:00:00",5.6,5.655,5.4,5.45,5.5344,10925041.85
"2022-10-14 00:00:00",5.6,5.655,5.39,5.45,5.5569,8285547.1
"2022-10-17 00:00:00",5.65,5.7,5.3,5.5,5.5368,9980883.45
"2022-10-18 00:00:00",5.6,5.65,5.38,5.451,5.5701,11142075.35
"2022-10-19 00:00:00",5.6,5.65,5.2,5.3,5.5998,6741787.88
"2022-10-20 00:00:00",5.6,5.65,5.3,5.55,5.5731,8399975.77
"2022-10-21 00:00:00",5.6,5.63,5.15,5.499,5.5359,4820590.28
"2022-10-24 00:00:00",5.55,5.65,5.3,5.5,5.54,11143227.36
"2022-10-25 00:00:00",5.55,5.7,5.1,5.25,5.5637,9621201.63
"2022-10-26 00:00:00",5.7,5.7,5.19,5.45,5.5366,5254066.6
"2022-10-27 00:00:00",5.52,5.7,5,5.45,5.5561,6515202.4
"2022-10-28 00:00:00",5.5,5.6,5.25,5.25,5.4731,1558021.5
"2022-10-31 00:00:00",5.7,5.75,5.29,5.53,5.5607,21227535.07
"2022-11-01 00:00:00",5.649,5.8,5.3,5.45,5.6026,8882138.58
"2022-11-02 00:00:00",5.62,5.75,5,5.585,5.585,11928205.54
"2022-11-03 00:00:00",5.4999,5.8,5.2,5.4,5.4989,13695548.43
"2022-11-04 00:00:00",5.5999,5.65,5.3,5.55,5.5496,6795081.05
"2022-11-07 00:00:00",5.525,5.62,5,5.5,5.5223,23289125.05
"2022-11-08 00:00:00",5.35,5.61,5.325,5.4,5.5116,10543019.27
"2022-11-09 00:00:00",5.45,5.7,5.3,5.489,5.5249,13244870.04
"2022-11-10 00:00:00",5.55,5.6,5,5.55,5.4901,11951626.77
"2022-11-11 00:00:00",5.55,5.6,5.2,5.4,5.4852,16834016.03
"2022-11-14 00:00:00",5.45,5.6,5.25,5.45,5.4378,18444168.66
"2022-11-15 00:00:00",5.5,5.699,5,5.45,5.4269,16441558.22
"2022-11-16 00:00:00",5.46,5.5999,5.2,5.39,5.4194,19468440.3
"2022-11-17 00:00:00",5.4,5.6,5.2,5.425,5.4104,10538572.18
"2022-11-18 00:00:00",5.4,5.55,5.2,5.4,5.4162,12332143.2
"2022-11-21 00:00:00",5.4,5.55,5.1,5.35,5.3456,12134727.04
"2022-11-22 00:00:00",5.3,5.55,5,5.2501,5.3026,14906280.32
"2022-11-23 00:00:00",5.3,5.65,5,5.27,5.2782,9492662.45
"2022-11-24 00:00:00",5.299,5.4,4.5,5.3,5.2749,15752525.02
"2022-11-25 00:00:00",5.3,5.5,4.8,5.18,5.2621,9551609.54
"2022-11-28 00:00:00",5.4,5.55,5,5.45,5.2857,12282645.43
"2022-11-29 00:00:00",5.375,5.4,5,5.25,5.3177,16140452.7
"2022-11-30 00:00:00",5.3,5.45,5,5.3,5.3187,12973432.65
"2022-12-01 00:00:00",5.4001,5.49,5,5.49,5.3215,8892587.68
"2022-12-02 00:00:00",5.35,5.45,4.28,5.3,5.2971,12027874.05
"2022-12-05 00:00:00",5.25,5.45,5,5.05,5.3065,7095057.97
"2022-12-06 00:00:00",7.0205,7.0205,5,5.4,5.4896,10833771.15
"2022-12-07 00:00:00",5.33,5.499,5,5.4,5.3458,13283555.57
"2022-12-08 00:00:00",5.45,5.5,4.9,5.3,5.3546,8926894.3
"2022-12-09 00:00:00",5.35,5.55,5,5.335,5.3358,7031549.76
"2022-12-12 00:00:00",5.5,5.6,4.7,5.39,5.3424,9853745.36
"2022-12-13 00:00:00",5.3555,5.5,4.9,5.25,5.3434,10316477.42
"2022-12-14 00:00:00",5.4,5.55,5.223,5.299,5.4047,11035973.53
"2022-12-15 00:00:00",5.65,5.675,5.1,5.33,5.4242,13569069.73
"2022-12-16 00:00:00",5.3,5.6,5,5.4499,5.4564,9048244.62
"2022-12-19 00:00:00",5,5.75,5,5.5,5.5051,12382298.21
"2022-12-20 00:00:00",5.39,5.6001,5.15,5.43,5.4865,6156895.76
"2022-12-21 00:00:00",5.4,6,5,5.405,5.486,13495583.37
"2022-12-22 00:00:00",5.48,5.68,5.2,5.5,5.5182,17334534.93
"2022-12-23 00:00:00",5.5,5.65,5.199,5.595,5.5137,7014633.56
"2022-12-26 00:00:00",5.65,5.68,5.1,5.4501,5.5097,8744433.39
"2022-12-27 00:00:00",5.55,5.6,5,5.5,5.4953,5208349.7
"2022-12-28 00:00:00",5.45,5.65,5.3,5.525,5.5138,13132380
"2022-12-29 00:00:00",5.57,5.63,5.2,5.525,5.5229,8726495.39
"2022-12-30 00:00:00",5.5,5.65,5,5.55,5.4879,4645766.44
"2023-01-02 00:00:00",5.55,5.65,5,5.45,5.4451,5748044.65
"2023-01-03 00:00:00",5.5,5.65,5.3,5.45,5.4536,5452511.29
"2023-01-04 00:00:00",5.2,5.61,5.2,5.39,5.4612,4118109.46
"2023-01-05 00:00:00",5.45,5.6,5.15,5.55,5.466,4842847.74
"2023-01-06 00:00:00",5.5,5.635,5.2,5.45,5.4791,4357588.95
"2023-01-09 00:00:00",5.45,5.6,5.28,5.426,5.4764,9879496
"2023-01-10 00:00:00",5.4,5.6,5.06,5.4,5.4588,8361079.49
"2023-01-11 00:00:00",5.5,5.5999,5,5.4499,5.4745,8306303.35
"2023-01-12 00:00:00",5.5,5.6,5.245,5.41,5.4654,9883161.71
"2023-01-13 00:00:00",5.478,5.56,5.3,5.4,5.4403,8368497.15
"2023-01-16 00:00:00",5.6,5.6,5.39,5.435,5.4796,8561269.79
"2023-01-17 00:00:00",5.4,5.6,5.09,5.43,5.493,8067477.05
"2023-01-18 00:00:00",5.25,5.65,5.25,5.43,5.5177,6096727.6
"2023-01-19 00:00:00",5.499,5.6,5.4,5.45,5.4721,6497033.72
"2023-01-20 00:00:00",5.5,5.65,4.35,5.47,5.5026,6983556.59
"2023-01-23 00:00:00",5.51,5.65,4.99,5.4,5.503,5733779.13
"2023-01-24 00:00:00",5.52,5.6,5.33,5.45,5.4744,13293165.89
"2023-01-25 00:00:00",5.5,5.75,4.4,5.43,5.4654,9119048.04
"2023-01-26 00:00:00",5.55,5.57,5,5.4,5.4838,15325713
"2023-01-27 00:00:00",5.5,5.6,5.07,5.4,5.5043,11199579.12
"2023-01-30 00:00:00",5.45,5.6,5.2,5.35,5.4481,11152519.73
"2023-01-31 00:00:00",5.5,5.6,5.15,5.4,5.4529,8500348.64
"2023-02-01 00:00:00",5.4,5.7,5,5.37,5.4636,11688447.66
"2023-02-02 00:00:00",5.5,5.7,5.1,5.41,5.4242,9969901.51
"2023-02-03 00:00:00",5.52,5.6,5,5.47,5.4794,9542734.11
"2023-02-06 00:00:00",5.42,5.6,4.5,5.4,5.4425,3998777.43
"2023-02-07 00:00:00",5.5,5.6,5.4,5.45,5.4609,2084140.53
"2023-02-08 00:00:00",5.45,5.5,5.3501,5.4,5.44,9207237.15
"2023-02-09 00:00:00",5.6,5.73,5.05,5.48,5.4815,6881221.58
"2023-02-10 00:00:00",5.5,5.7,5,5.48,5.484,7844657.14
"2023-02-13 00:00:00",5.5,5.7,5,5.7,5.4619,14191320.22
"2023-02-14 00:00:00",5.55,5.6,5.025,5.45,5.4632,7717016.5
"2023-02-15 00:00:00",5.55,5.65,4.85,5.48,5.4922,11902136.44
"2023-02-16 00:00:00",5.45,5.6,5.2,5.425,5.502,6113792.94
"2023-02-17 00:00:00",5.5,5.6,5.2,5.45,5.5181,11580184.87
"2023-02-20 00:00:00",5.45,5.65,5.3,5.52,5.4951,3283812.53
"2023-02-21 00:00:00",5.49,5.7,5.25,5.5,5.4873,8940818.9
"2023-02-22 00:00:00",5.6,5.7,5,5.5,5.5114,8153553.93
"2023-02-23 00:00:00",5.45,5.7,5.3,5.49,5.5102,7222067.37
"2023-02-24 00:00:00",5.6,5.7,5.2,5.45,5.5099,7122623.8
"2023-02-27 00:00:00",5.41,5.65,5.1,5.46,5.493,11324472.73
"2023-02-28 00:00:00",5.45,5.7,5.3,5.4,5.4751,5097114
"2023-03-01 00:00:00",5.55,5.8,5,5,5.4372,7013849.29
"2023-03-02 00:00:00",5.4,5.65,5.15,5.65,5.44,7325677.04
"2023-03-03 00:00:00",5.5,5.65,4.95,5.4,5.3918,3229532.41
"2023-03-06 00:00:00",5.35,5.45,5.35,5.45,5.407,967861
"2023-03-07 00:00:00",5.35,5.6,5.085,5.085,5.4145,11921111.69
"2023-03-08 00:00:00",5.5,5.6,5,5.45,5.3996,10687868.65
"2023-03-09 00:00:00",5.395,5.7,5.23,5.405,5.4332,7645762.74
"2023-03-10 00:00:00",5.449,5.45,5.2,5.35,5.3989,3593928
"2023-03-13 00:00:00",5.398,5.65,5.25,5.35,5.3631,7882187.63
"2023-03-14 00:00:00",5.4,5.65,5.3,5.45,5.3819,6554933.51
"2023-03-15 00:00:00",5.3999,5.5199,5.25,5.5199,5.3576,8818117.35
"2023-03-16 00:00:00",5.4,5.5,5.05,5.4099,5.3435,7707568.2
"2023-03-17 00:00:00",5.39,5.45,5.035,5.05,5.3456,4791705.33
"2023-03-20 00:00:00",5.4,5.5,5.15,5.3,5.3547,10376182.56
"2023-03-21 00:00:00",5.35,5.45,5.2,5.3,5.3602,7433638.31
"2023-03-22 00:00:00",5.3,5.57,5,5.36,5.352,5284904.25
"2023-03-23 00:00:00",5.31,5.45,5.2,5.35,5.3276,5077869.06
"2023-03-24 00:00:00",5.5,5.5,5,5.25,5.3248,6814905
"2023-03-27 00:00:00",5.3,5.5,5.25,5.25,5.3117,3898139
"2023-03-28 00:00:00",5.25,5.52,5,5.52,5.291,7949113.74
"2023-03-29 00:00:00",5.23,5.455,5.15,5.35,5.2842,4113412.2
"2023-03-30 00:00:00",5.3,5.35,5,5.25,5.2638,5181792.18
"2023-03-31 00:00:00",5.225,5.5,5.2,5.5,5.3147,2454285.58
"2023-04-03 00:00:00",5.3,5.45,5.19,5.19,5.2865,3803912.6
"2023-04-04 00:00:00",5.3,5.6,5.02,5.4,5.3176,11827802.37
"2023-04-05 00:00:00",5.3,5.4444,4.5,5.2,5.309,8266186.47
"2023-04-06 00:00:00",5.221,5.46,5.125,5.3,5.3017,6892297.82
"2023-04-07 00:00:00",5.277,5.9,5,5.35,5.3272,4424305
"2023-04-10 00:00:00",5.35,5.5,5.1,5.5,5.311,4513173.65
"2023-04-11 00:00:00",5.3,5.55,4.5,5.275,5.3678,7654475.55
"2023-04-12 00:00:00",5.3,5.75,5,5.32,5.3127,8857021.2
"2023-04-13 00:00:00",5.4,5.49,5.25,5.35,5.3837,10771985.7
"2023-04-14 00:00:00",5.35,5.55,4.8,5.4,5.384,9817468.15
"2023-04-17 00:00:00",5.4,5.6,5,5.4,5.4415,4706740.48
"2023-04-18 00:00:00",5.4,5.6,4.8001,5.39,5.3986,9056941.28
"2023-04-19 00:00:00",5.35,5.55,5.3,5.4,5.4472,7145998.7
"2023-04-20 00:00:00",5.49,5.5,5.4,5.45,5.4591,1004583
"2023-04-24 00:00:00",5.5,5.575,5.05,5.3,5.4664,3546829.2
"2023-04-25 00:00:00",5.55,5.85,5.29,5.75,5.6826,27965279.34
"2023-04-26 00:00:00",5.69,6,5.49,5.7,5.7207,25890207.49
"2023-04-27 00:00:00",5.835,5.95,5.6,5.8,5.7758,13553544.09
"2023-04-28 00:00:00",5.85,6.5,5.25,5.7,5.7493,11881636.53
"2023-05-02 00:00:00",5.85,6.1,5.6,5.95,5.7662,8718600.59
"2023-05-03 00:00:00",5.75,6,5.45,5.7,5.7496,13354833.12
"2023-05-04 00:00:00",5.75,5.85,5.6,5.7,5.6966,11892905.96
"2023-05-05 00:00:00",5.4,5.8,5.2,5.6,5.6479,7888491.2
"2023-05-08 00:00:00",5.68,5.8,5.3,5.6,5.6573,10620122.79
"2023-05-09 00:00:00",5.75,5.75,5.3,5.75,5.6561,12651125.17
"2023-05-10 00:00:00",5.65,5.75,5.5,5.55,5.6457,9731651.79
"2023-05-11 00:00:00",5.69,5.9,5.4,5.61,5.6342,11900134.8
"2023-05-12 00:00:00",5.4,5.85,5.4,5.6,5.6506,11519638.87
"2023-05-15 00:00:00",5.6999,5.75,5.5,5.61,5.6807,5050226.2
"2023-05-16 00:00:00",5.7,5.75,5.55,5.6,5.6803,10295418.1
"2023-05-17 00:00:00",5.65,5.7,5.5,5.65,5.6579,13185022.54
"2023-05-18 00:00:00",5.7,5.7,5.5,5.55,5.666,14107446.6
"2023-05-22 00:00:00",5.69,5.7,5,5.5,5.5955,11438018.35
"2023-05-23 00:00:00",5.45,5.7499,5.25,5.3,5.5251,14170113.8
"2023-05-24 00:00:00",5.6,5.6,4.9,5.3,5.4766,5763711.91
"2023-05-25 00:00:00",5.4,5.65,5.3,5.425,5.4684,6401132.7
"2023-05-26 00:00:00",5.42,5.65,5.35,5.35,5.4784,7640044.92
"2023-05-29 00:00:00",5.56,5.625,4.55,5.38,5.4916,5376944.02
"2023-05-30 00:00:00",5.45,5.8,5.15,5.8,5.4855,7541332.88
"2023-05-31 00:00:00",5.45,5.6,5.25,5.4,5.5132,7198533.58
"2023-06-01 00:00:00",5.3,5.56,5,5.4,5.4081,6383018.5
"2023-06-02 00:00:00",5.45,5.61,5.3,5.3,5.5136,9664005.9
"2023-06-05 00:00:00",5.5,5.7,5.2,5.7,5.484,6494475.48
"2023-06-06 00:00:00",5.35,5.6,5.1,5.5,5.45,8949671.1
"2023-06-07 00:00:00",5.6,5.99,5.3,5.55,5.5982,10544379.7
"2023-06-08 00:00:00",5.6,5.8,5.4,5.45,5.5993,10002535.15
"2023-06-09 00:00:00",5.75,5.8,5.4,5.5,5.5907,16863798.2
"2023-06-12 00:00:00",5.5,5.7,5.25,5.5,5.5339,12900363.4
"2023-06-13 00:00:00",5.5,5.65,5.4,5.4,5.501,17647567.92
"2023-06-14 00:00:00",5.4,5.57,4.8,5.25,5.4064,19270091.41
"2023-06-15 00:00:00",5.4,5.6,5,5.25,5.379,24780574.61
"2023-06-16 00:00:00",5.3,5.45,5,5.2,5.3246,23829195.65
"2023-06-19 00:00:00",5.3,5.45,5,5.2,5.3233,29188533.7
"2023-06-20 00:00:00",5.3,5.49,5,5.24,5.2697,26059685.38
"2023-06-21 00:00:00",5.25,5.45,5,5.2,5.2372,27698883.16
"2023-06-22 00:00:00",5.25,5.4,4.9,5.22,5.2385,29344400.74
"2023-06-23 00:00:00",5.3,5.4,5.1,5.17,5.265,18796533.8
"2023-06-26 00:00:00",5.15,5.4,4.6,5.15,5.2035,11883307.7
"2023-06-27 00:00:00",5.2999,5.4,4.7,5.2,5.3282,896795.8
"2023-07-03 00:00:00",5.25,5.35,5,5.15,5.191,22476697.89
"2023-07-04 00:00:00",5.2499,5.35,5,5.1,5.1845,33297154.8
"2023-07-05 00:00:00",5.2,5.45,4.4,5.2,5.1866,35946376.44
"2023-07-06 00:00:00",5.25,5.35,4.2,5,5.1714,43182715.05
"2023-07-07 00:00:00",5.25,5.35,4.5,5.05,5.1578,44508868.58
"2023-07-10 00:00:00",4.45,5.35,4.2,5.15,5.1596,56276416.93
"2023-07-11 00:00:00",5.25,5.4,4.2,5.15,5.1855,40575028.48
"2023-07-12 00:00:00",5.2,5.5,4.9,5.1,5.2019,53782184.97
"2023-07-13 00:00:00",5.25,5.5,4.4001,5.4,5.2031,44046686.6
"2023-07-14 00:00:00",5.3,5.8,4.4,5.15,5.2119,23720962.84
"2023-07-17 00:00:00",5.2,5.6,4.5,5.15,5.3022,33367409.33
"2023-07-18 00:00:00",5.25,5.5,4.5,5.2,5.2369,29771440.58
"2023-07-19 00:00:00",5.2,5.65,4,5.2,5.2531,38618847.8
"2023-07-20 00:00:00",5.3,5.55,4.8,5.35,5.3447,41631873.36
"2023-07-21 00:00:00",5.275,5.5,4.5,5.35,5.3084,33518433.01
"2023-07-24 00:00:00",5.4,5.55,5.1,5.3,5.3512,46420009.82
"2023-07-25 00:00:00",5.35,5.6,4.2,5.3,5.3641,60943976.68
"2023-07-26 00:00:00",5.3,5.65,5.15,5.25,5.3314,52592483.68
"2023-07-27 00:00:00",5.3,5.7,4.1,5.24,5.2904,59534596.16
"2023-07-28 00:00:00",5.3,5.65,4.2,5.25,5.3171,58624771.85
"2023-07-31 00:00:00",5.45,5.65,5,5.1,5.3821,61197411.14
"2023-08-11 00:00:00",5.9,5.9,5.9,5.9,5.9,5900
"2023-08-15 00:00:00",5.75,5.75,5.75,5.75,5.75,89125
"2023-08-18 00:00:00",5.85,5.85,5.45,5.65,5.5475,68289.5
"2023-08-21 00:00:00",5.85,5.85,5.75,5.75,5.7729,125907.5
"2023-08-22 00:00:00",5.85,5.85,5.65,5.7,5.7801,454544
"2023-08-23 00:00:00",5.75,5.75,5.65,5.7,5.7274,383039.8
"2023-08-24 00:00:00",5.7,5.7,5.6,5.6,5.6322,349592
"2023-08-25 00:00:00",5.6,5.6,5.6,5.6,5.6,1692320
"2023-08-28 00:00:00",5.5,5.6,5.5,5.55,5.5681,3713078.15
"2023-08-29 00:00:00",5.501,5.6,5.495,5.495,5.5174,5252815.52
"2023-08-31 00:00:00",5.5,5.6,5.5,5.5,5.5388,10472882.13
"2023-09-01 00:00:00",5.55,5.6,5.45,5.45,5.5324,4429886.45
"2023-09-04 00:00:00",5.55,5.6,5.5,5.55,5.5629,8021250.3
"2023-09-05 00:00:00",5.5,5.6,5.45,5.5,5.5398,4342020.2
"2023-09-06 00:00:00",5.55,5.6,5.45,5.5,5.5622,4996014.26
"2023-09-07 00:00:00",5.6,5.6001,5.55,5.6,5.5937,5799124.6
"2023-09-08 00:00:00",5.5,5.6,5.5,5.599,5.5415,665088
"2023-09-11 00:00:00",5.55,5.5501,5.5,5.54,5.5393,2584846.1
"2023-09-12 00:00:00",5.55,5.6,5.5,5.55,5.5623,3030434.15
"2023-09-13 00:00:00",5.6,5.6,5.5,5.6,5.5762,2277707.75
"2023-09-14 00:00:00",5.55,5.6,5.5,5.55,5.5687,6626870.5
"2023-09-15 00:00:00",5.5,5.6,5,5,5.4902,1364354.25
"2023-09-18 00:00:00",5.6,5.65,5.55,5.55,5.5835,2230984
"2023-09-19 00:00:00",5.5,5.6,5.5,5.55,5.5199,2238507.33
"2023-09-20 00:00:00",5.52,5.6,5.52,5.6,5.5965,3551988
"2023-09-21 00:00:00",5.55,5.6,5.5,5.5,5.5793,5054463.81
"2023-09-22 00:00:00",5.6,5.64,5.55,5.55,5.6147,2476100
"2023-09-25 00:00:00",5.6,5.65,5.5,5.65,5.5994,2930675.3
"2023-09-26 00:00:00",5.6,5.6,5.45,5.45,5.5559,879660.1
"2023-09-27 00:00:00",5.6,5.6,5.54,5.6,5.565,4104544.6
"2023-09-28 00:00:00",5.549,5.6,5.5,5.5,5.5385,5746576.23
"2023-09-29 00:00:00",5.54,5.55,5.5,5.5,5.5142,337384.5
"2023-10-02 00:00:00",5.6,5.6,5.5,5.5,5.5354,422003.5
"2023-10-03 00:00:00",5.54,5.6,5.5,5.5,5.5923,6041999
"2023-10-04 00:00:00",5.55,5.6,5.55,5.6,5.5886,5795794
"2023-10-05 00:00:00",5.55,5.55,5.55,5.55,5.55,295593
"2023-10-06 00:00:00",5.5,5.5,5.45,5.5,5.4576,1970527
"2023-10-09 00:00:00",5.5,5.5,5,5.5,5.4928,2030119.46
"2023-10-10 00:00:00",5.5,5.5,5.38,5.5,5.4945,4970180
"2023-10-11 00:00:00",5.52,5.52,5.45,5.5,5.4993,3913089.42
"2023-10-12 00:00:00",5.45,5.5,5.4,5.4,5.4945,3845038
"2023-10-13 00:00:00",5.5,5.5,5.41,5.5,5.4932,2152770
"2023-10-16 00:00:00",5.1001,5.45,5.1001,5.41,5.4291,270316.7
"2023-10-17 00:00:00",5.45,5.45,5.4,5.4,5.438,1206643.91
"2023-10-18 00:00:00",5.2999,5.45,5.2999,5.45,5.4454,511935.6
"2023-10-19 00:00:00",5.5,5.5,5.35,5.35,5.4696,5860078.05
"2023-10-20 00:00:00",5.45,5.45,5.3,5.325,5.4287,719520
"2023-10-23 00:00:00",5.52,5.525,5.325,5.325,5.4985,1705293
"2023-10-24 00:00:00",5.45,5.525,5.45,5.45,5.5037,2271804.6
"2023-10-25 00:00:00",5.5,5.67,5.45,5.67,5.5023,2924014.7
"2023-10-26 00:00:00",5.45,5.68,5.3,5.6,5.427,2531879.25
"2023-10-27 00:00:00",5.52,5.705,5.45,5.45,5.4882,1114205.4
"2023-10-30 00:00:00",5.55,5.6,5.4,5.4,5.5275,2537779
"2023-10-31 00:00:00",5.6,5.6,5.435,5.45,5.4937,5301114.95
"2023-11-01 00:00:00",5.5,6,5.3,5.445,5.4361,1551354
"2023-11-02 00:00:00",5.6,5.6,5.3,5.3,5.5003,1764386
"2023-11-03 00:00:00",5.5,5.5,5.3,5.4,5.4016,1538445.4
"2023-11-06 00:00:00",5.65,5.7,5.325,5.375,5.4542,3098148.92
"2023-11-07 00:00:00",5.55,5.65,5.35,5.45,5.4697,3954364.21
"2023-11-08 00:00:00",5.55,5.7,5.45,5.5,5.5722,2864100
"2023-11-09 00:00:00",5.7,5.7,5.4,5.5,5.5081,4123880.8
"2023-11-10 00:00:00",5.55,5.6,5.35,5.4,5.4415,816067
"2023-11-13 00:00:00",5.65,5.7,5.5,5.5,5.542,2980318.25
"2023-11-14 00:00:00",5.8,5.8,5.45,5.45,5.6011,7769855.35
"2023-11-15 00:00:00",5.77,5.8,5.5,5.65,5.6416,7757640.9
"2023-11-16 00:00:00",5.9,5.9,5.6,5.6,5.7335,11572309.45
"2023-11-17 00:00:00",5.9,6,5.6,5.7,5.8173,5622306.5
"2023-11-20 00:00:00",5.95,5.95,5.7,5.79,5.8342,6859367.56
"2023-11-21 00:00:00",5.95,6,5.8,5.9,5.9001,7720632.65
"2023-11-22 00:00:00",5.8,6,5.643,5.9,5.8146,12969834.42
"2023-11-23 00:00:00",5.9,6,5.8,5.95,5.871,6215568.45
"2023-11-24 00:00:00",6.1,6.15,5.82,5.95,5.9299,16226514.31
"2023-11-27 00:00:00",6.1,6.1,5.8999,5.95,5.9713,9320777.6
"2023-11-28 00:00:00",6.1,6.1,4.8,5.95,5.9963,17337391.94
"2023-11-29 00:00:00",6,6.13,5.925,6,6.0046,19796496.71
"2023-11-30 00:00:00",6.1,6.15,5.9,6.05,6.0515,6809181.59
"2023-12-01 00:00:00",6.05,6.35,5.9,6,6.0029,19687988.59
"2023-12-04 00:00:00",6.15,6.35,5.9,6.07,6.0502,17321365.53
"2023-12-05 00:00:00",6.1,6.125,5.9,6.05,6.0214,22577282.1
"2023-12-06 00:00:00",6.05,6.2,5.9,6.049,6.0485,14625406.44
"2023-12-07 00:00:00",6.15,6.5,5.975,6.05,6.0461,15796928.5
"2023-12-08 00:00:00",6.08,6.3,6,6.05,6.0539,16695139.85
"2023-12-11 00:00:00",6.11,6.225,6,6.05,6.0866,16963494.63
"2023-12-12 00:00:00",6.21,6.3,6,6.1,6.1056,24345122.33
"2023-12-13 00:00:00",6.15,6.39,6,6.15,6.1316,39368690.94
"2023-12-14 00:00:00",6.195,6.3,6,6.13,6.1558,10746305.7
"2023-12-15 00:00:00",6.202,6.35,6.1,6.2,6.2076,22513120.36
"2023-12-18 00:00:00",6.3,6.36,6.15,6.19,6.2378,23981141.4
"2023-12-19 00:00:00",6.25,6.4,6.1,6.25,6.2362,25750215.68
"2023-12-20 00:00:00",6.25,6.275,6,6.25,6.1647,7102404.16
"2023-12-21 00:00:00",6.235,6.37,6,6.3,6.2166,21748023.4
"2023-12-22 00:00:00",6.325,6.39,6.1,6.2,6.2906,23598459.14
"2023-12-25 00:00:00",6.295,6.4,6.049,6.4,6.2764,10671382.7
"2023-12-26 00:00:00",6.25,6.5,6.049,6.3,6.2901,18971435.9
"2023-12-27 00:00:00",6.3,6.3,6.195,6.3,6.2821,23703012.73
"2023-12-28 00:00:00",6.4,6.7,6.18,6.2,6.2498,5091221.7
"2023-12-29 00:00:00",6.5,6.5,5.9,6.28,6.25,14572740.93
"2024-01-02 00:00:00",6.3,6.7,6.1,6.6,6.2472,4684008.8
"2024-01-03 00:00:00",6.25,6.5,6.15,6.275,6.2576,4847978.57
"2024-01-04 00:00:00",6.3,6.4,6.1,6.27,6.2672,13300953.88
"2024-01-05 00:00:00",6.15,6.5,6.15,6.2,6.3233,1727285.4
"2024-01-08 00:00:00",6.325,6.5,5.9,6.26,6.2143,10415963.87
"2024-01-09 00:00:00",6.31,6.45,6.2,6.45,6.2793,10665463.2
"2024-01-10 00:00:00",6.3,6.75,6.065,6.2,6.3461,5368820.1
"2024-01-11 00:00:00",6.2999,6.3289,6.2,6.3,6.2518,4532420.26
"2024-01-12 00:00:00",6.35,6.75,5.3,6.299,6.2825,18796993.4
"2024-01-15 00:00:00",6.3,6.5,6.04,6.28,6.278,5872525.8
"2024-01-16 00:00:00",6.35,6.5,6.15,6.3,6.3498,9515909.3
"2024-01-17 00:00:00",6.4,6.5,6.15,6.29,6.2609,11608209.78
"2024-01-18 00:00:00",6.4,6.8,6,6.25,6.3157,7165580.58
"2024-01-19 00:00:00",6.5,6.5,6.12,6.255,6.2266,1413308.4
"2024-01-22 00:00:00",6.4,6.5,6.2,6.29,6.3274,5175080.1
"2024-01-23 00:00:00",6.5,6.65,6.199,6.29,6.3559,9657287
"2024-01-24 00:00:00",6.5,6.7,6.24,6.35,6.3334,11821992.05
"2024-01-25 00:00:00",6.5,6.61,6.25,6.3002,6.3924,8970275.5
"2024-01-26 00:00:00",6.55,6.65,6.2,6.3001,6.4841,5401965.1
"2024-01-29 00:00:00",6.49,6.7,6.25,6.5,6.4539,10832153.28
"2024-01-30 00:00:00",6.6,6.6,6.3,6.4,6.4004,8750791.49
"2024-01-31 00:00:00",6.7,6.7,6.25,6.4,6.4086,9077573.31
"2024-02-01 00:00:00",6.8,6.85,6.4,6.5,6.5505,11152869.84
"2024-02-02 00:00:00",6.8,6.8,6.45,6.75,6.5462,18277054.36
"2024-02-05 00:00:00",6.85,7.2,6.5,6.67,6.615,21698246.56
"2024-02-06 00:00:00",6.7,6.8,6.65,6.7,6.7025,20765902
"2024-02-07 00:00:00",6.8,7,6.6,6.75,6.7014,15535542.84
"2024-02-08 00:00:00",6.8,7,6.55,6.7,6.6565,17897523.59
"2024-02-09 00:00:00",7,7,6.6,6.6,6.6567,8700150.5
"2024-02-12 00:00:00",6.75,7.1,6.6,6.9,6.6696,9994237.52
"2024-02-13 00:00:00",6.8,7.2,6.3,6.7,6.6804,20577281.7
"2024-02-14 00:00:00",6.8,7.1,6.6,6.85,6.7078,13912777.5
"2024-02-15 00:00:00",6.9,7.2,6.55,6.65,6.6765,12976792.3
"2024-02-16 00:00:00",6.72,7.05,6.6,6.79,6.7482,7604727.2
"2024-02-19 00:00:00",6.85,7.2,6.6,6.7,6.7905,3398195.5
"2024-02-20 00:00:00",6.8,7.2,6.25,6.8,6.8128,11669001.45
"2024-02-21 00:00:00",6.8,7.215,6.35,6.9,6.8285,17884666.51
"2024-02-22 00:00:00",6.85,7.2,6.7,7.1,6.8409,11287584.89
"2024-02-23 00:00:00",6.8555,7.3,6.65,6.75,6.7795,11072930.04
"2024-02-26 00:00:00",6.875,7.25,6.7,6.78,6.8052,5718407.18
"2024-02-27 00:00:00",6.85,7.05,6.6001,6.75,6.7602,10209153.32
"2024-02-28 00:00:00",6.8,7.1,6.6,6.75,6.7188,10441292.2
"2024-02-29 00:00:00",6.83,6.86,6.6,6.756,6.7153,9435612.97
"2024-03-01 00:00:00",6.85,7.05,6.2,6.78,6.7388,3157533
"2024-03-04 00:00:00",6.8,6.99,6.55,6.55,6.7292,7296031
"2024-03-05 00:00:00",6.9,7.3,6.7,6.8,6.7822,13625749.7
"2024-03-06 00:00:00",6.95,7.35,6.6,6.74,6.7642,8500840.96
"2024-03-07 00:00:00",6.85,7.005,6.4,6.81,6.8003,22107027.14
"2024-03-08 00:00:00",6.75,7.05,6.65,6.75,6.7762,7392349.94
"2024-03-11 00:00:00",6.75,7.1,6.6,6.79,6.7838,10129810.84
"2024-03-12 00:00:00",6.85,7.07,6.3,6.75,6.8059,16917431.83
"2024-03-13 00:00:00",6.9,7.3,6.097,6.097,6.7938,23219779.71
"2024-03-14 00:00:00",6.695,7.07,6.68,6.85,6.8096,15901303.84
"2024-03-15 00:00:00",7,7.35,6.69,6.985,6.8689,11402261.96
"2024-03-18 00:00:00",7.15,7.2,5.85,6.8,6.9304,16934450.7
"2024-03-19 00:00:00",7,7.4,6.69,7.05,6.9018,9821771.05
"2024-03-20 00:00:00",6.95,7.1,6.7499,6.85,6.8383,14474246.68
"2024-03-21 00:00:00",7.1,7.1,6.7,7,6.9068,13645506.62
"2024-03-22 00:00:00",6.95,7.5,6.5,6.9,6.9148,10576893.1
"2024-03-25 00:00:00",7.2,7.55,6.75,6.9,6.9441,10535260.37
"2024-03-26 00:00:00",7.2,7.2,6.8,6.9,6.9638,15011201.68
"2024-03-27 00:00:00",7.25,7.25,6.85,7,6.9396,14061501.63
"2024-03-28 00:00:00",7.1,7.2,6.89,7,6.9844,10150514.6
"2024-03-29 00:00:00",7.1,7.12,6.9,7,7.0385,5871794.4
"2024-04-01 00:00:00",7.25,7.3,6.95,7.1,7.1528,4334376.1
"2024-04-02 00:00:00",7.5,7.5,6.6,7.35,7.2772,10925247.45
"2024-04-03 00:00:00",7.4,7.6,7.295,7.4,7.4233,4427276.5
"2024-04-04 00:00:00",7.35,7.5,7.3,7.4,7.3936,6248066.15
"2024-04-05 00:00:00",7.515,7.75,7.325,7.45,7.4344,2074940
"2024-04-08 00:00:00",7.3,7.55,7.25,7.45,7.3803,2750784
"2024-04-15 00:00:00",7.6,7.615,7.3,7.45,7.5146,3887477
"2024-04-16 00:00:00",7.55,7.85,7.2,7.5,7.5479,7528068
"2024-04-17 00:00:00",7.5,7.9,7.475,7.6,7.5663,4698509.54
"2024-04-18 00:00:00",7.6,7.8,7.3,7.55,7.5527,4732279.3
"2024-04-19 00:00:00",7.7,7.8,7.405,7.52,7.5253,5433266.8
"2024-04-22 00:00:00",7.7,8,7.5,7.95,7.806,7741170.7
"2024-04-24 00:00:00",7.8,7.9,7.49,7.9,7.6355,8949525.3
"2024-04-25 00:00:00",7.77,7.9,7.4,7.68,7.6794,11462535.28
"2024-04-26 00:00:00",7.85,7.85,7.6,7.8,7.7447,8547806.67
"2024-04-29 00:00:00",7.8,7.9,7.55,7.75,7.7377,5053947.2
"2024-04-30 00:00:00",7.725,7.899,7.55,7.7,7.7219,3442637.25
"2024-05-02 00:00:00",7.5,7.8,7.4,7.6,7.5428,8791335.09
"2024-05-03 00:00:00",7.7,7.89,7.4,7.55,7.5697,3915181
"2024-05-06 00:00:00",7.75,7.75,7.45,7.45,7.5641,2373310
"2024-05-07 00:00:00",7.8,8.025,7.2,7.85,7.7499,10512742.3
"2024-05-08 00:00:00",7.6,7.95,7.6,7.75,7.7382,1580910
"2024-05-09 00:00:00",7.85,7.92,7.6,7.8,7.802,6582782.1
"2024-05-10 00:00:00",7.485,7.85,7.485,7.7,7.7884,8311627.5
"2024-05-13 00:00:00",7.8,8.05,7.7299,7.8,7.8106,7809545.3
"2024-05-14 00:00:00",7.8,8,7.5,8,7.7898,5720500.3
"2024-05-15 00:00:00",7.8,7.95,7.78,7.8,7.8208,13694627.6
"2024-05-16 00:00:00",7.85,8.025,7.6,7.9,7.8821,14759781.91
"2024-05-17 00:00:00",7.95,8.05,7.7002,7.85,7.9197,6053430.23
"2024-05-20 00:00:00",7.95,8.05,7.74,7.75,7.8765,6118888.38
"2024-05-21 00:00:00",7.75,8.08,7.7,7.88,7.9132,4659425.4
"2024-05-22 00:00:00",7.85,8.1,7.8,7.8,7.9514,2876805.7
"2024-05-23 00:00:00",7.9,8.075,7.65,7.9,7.8764,9992003.75
"2024-05-24 00:00:00",7.9,7.9,7.6,7.9,7.8486,1252640
"2024-05-27 00:00:00",7.95,8.03,7.8,7.8,7.9151,4253573.4
"2024-05-28 00:00:00",8,8.05,7.5,7.8,7.9286,7929938.15
"2024-05-29 00:00:00",7.9,8,7.725,7.725,7.9047,8833469
"2024-05-30 00:00:00",7.88,8.1,7.7,7.85,7.9209,7211044.18
"2024-05-31 00:00:00",7.8,8.2,7.8,7.9,7.9803,2420755.75
"2024-06-03 00:00:00",7.8,8.02,7.8,7.85,7.8798,7318596.83
"2024-06-04 00:00:00",8.05,8.1,7.85,7.85,7.9692,4057695.5
"2024-06-05 00:00:00",7.9,8.15,7.9,8.1,8.0451,4169765
"2024-06-06 00:00:00",8.1,8.15,7.7,8.149,8.0314,8231176.68
"2024-06-07 00:00:00",8.05,8.2,7.875,8.15,8.0172,5382636
"2024-06-10 00:00:00",8.1,8.2,7.8,7.9,7.9678,6140536
"2024-06-11 00:00:00",8,8.15,7.7,8.05,7.9935,6218141
"2024-06-12 00:00:00",7.75,8.1,7.5,8,7.9557,2366970
"2024-06-13 00:00:00",7.8,8.1,7.7,8.1,7.8045,575113
"2024-06-14 00:00:00",7.8,8,7.4,8,7.7505,5965084
"2024-06-20 00:00:00",7.95,7.95,7.6,7.7,7.8219,2104571
"2024-06-21 00:00:00",7.825,7.85,7.825,7.85,7.8489,221653
"2024-06-24 00:00:00",7.75,8.1,7.75,8.05,7.9285,1242632.5
"2024-06-25 00:00:00",8,8.15,7.6,7.85,7.8594,3846209
"2024-06-26 00:00:00",8,8,7.7,7.85,7.849,6849232.5
"2024-06-27 00:00:00",7.85,7.9,7.69,7.69,7.864,2913291.19
"2024-06-28 00:00:00",7.85,7.95,7.64,7.65,7.8141,1814352.1
"2024-07-01 00:00:00",8,8,7.6,7.7,7.9147,10342611.75
"2024-07-02 00:00:00",8,8.25,7.6,7.65,7.9448,7308412.9
"2024-07-03 00:00:00",7.6,7.95,7.6,7.9,7.8026,990925
"2024-07-04 00:00:00",8.15,8.15,7.95,7.95,8.0282,554029.5
"2024-07-05 00:00:00",7.799,7.799,7.7,7.7,7.755,383872.5
"2024-07-08 00:00:00",7.9,8,7.5,7.5,7.9561,2579672
"2024-07-09 00:00:00",7.9,8.1,7.85,7.9,7.969,4343489.5
"2024-07-10 00:00:00",7.8,8.1,7.8,7.9,7.9177,1567622
"2024-07-11 00:00:00",7.85,8,7.65,7.65,7.8265,2129307.8
"2024-07-12 00:00:00",7.8,8,7.8,7.9,7.9011,5801861
"2024-07-16 00:00:00",7.775,8,7.775,8,7.8995,2473969.05
"2024-07-17 00:00:00",7.8,8.1,7.7,7.75,7.8456,16315895.25
"2024-07-18 00:00:00",7.85,8.05,7.775,7.776,7.845,8241638.35
"2024-07-19 00:00:00",7.9,8.25,7.8,7.9,8.0248,4520674.9
"2024-07-22 00:00:00",7.85,8,7.85,7.85,7.8819,925811
"2024-07-23 00:00:00",7.85,8.25,7.8,7.85,7.9265,2294235.15
"2024-07-24 00:00:00",8,8,7.8,7.8,7.9793,2333150
"2024-07-25 00:00:00",8,8,8,8,8,2856000
"2024-07-26 00:00:00",7.75,7.75,7.75,7.75,7.75,77500
"2024-07-29 00:00:00",7.849,7.9,7.849,7.9,7.8857,1370374.22
"2024-07-30 00:00:00",8.15,8.15,7.9,7.95,7.9509,3368306
"2024-07-31 00:00:00",8.2,8.2,8.2,8.2,8.2,41000
"2024-08-01 00:00:00",7.775,7.775,7.775,7.775,7.775,229906.75
"2024-08-02 00:00:00",8,8,8,8,8,648000
"2024-08-05 00:00:00",8,8.3,7.7,7.7,8.0393,1098650.5
"2024-08-06 00:00:00",7.7,7.98,7.6,7.98,7.6806,2098569
"2024-08-07 00:00:00",7.7,7.8,7.54,7.54,7.6967,3753978
"2024-08-08 00:00:00",7.6,8,7.35,7.55,7.638,6820787.9
"2024-08-09 00:00:00",7.7,8.05,7.6,8.05,7.6711,3204664.3
"2024-08-12 00:00:00",7.7,8.25,7.6,7.75,7.71,11110714.2
"2024-08-13 00:00:00",7.7,8.2,6.8,7.75,7.7061,7034805.15
"2024-08-14 00:00:00",7.7,8.25,7.1,8.25,7.6897,11337738.5
"2024-08-15 00:00:00",7.78,8.2,7.65,8,7.774,11501628.3
"2024-08-16 00:00:00",7.5,7.85,7.5,7.7,7.8102,8072837.6
"2024-08-19 00:00:00",7.85,8.25,7.78,8.2,7.9022,9382167.4
"2024-08-20 00:00:00",7.95,8.2,7.875,8.08,7.9598,12554838.89
"2024-08-21 00:00:00",8,8.25,8,8.25,8.0633,5138896
"2024-08-22 00:00:00",8.1,8.45,8,8.1,8.1723,13710538.7
"2024-08-23 00:00:00",8.2,8.4,8.1,8.4,8.1983,14220035.2
"2024-08-26 00:00:00",8.2,8.61,8.1,8.61,8.2124,10108865.9
"2024-08-27 00:00:00",8.23,8.3,8.2,8.25,8.2483,13046095.7
"2024-08-28 00:00:00",8.3,8.5,8.18,8.5,8.264,15740313.9
"2024-08-29 00:00:00",8.35,8.5,8.2,8.5,8.2723,9293495.75
"2024-09-02 00:00:00",8.25,8.55,8.2,8.55,8.4033,20340021.29
"2024-09-03 00:00:00",8.499,8.55,8.4,8.45,8.4974,11391675
"2024-09-04 00:00:00",8.2,8.75,8.2,8.5,8.5163,10555850.5
"2024-09-05 00:00:00",8.4,8.95,8.4,8.95,8.5561,10127923.5
"2024-09-06 00:00:00",8.55,8.7,8.5,8.55,8.544,11619014.5
"2024-09-09 00:00:00",8.63,8.8,8.5,8.8,8.6344,7144124
"2024-09-10 00:00:00",8.65,8.7,8.18,8.6,8.6486,17730666.35
"2024-09-11 00:00:00",8.65,8.75,8.2,8.65,8.6881,22010712.85
"2024-09-12 00:00:00",8.75,8.75,8.5,8.65,8.7025,19956252.69
"2024-09-13 00:00:00",8.8,8.9,8.7,8.85,8.8023,42842131.63
"2024-09-16 00:00:00",8.9,9.1,8.7,8.95,8.9714,4282758.32
"2024-09-17 00:00:00",9.05,9.5,8.95,9.175,9.1488,29346032
"2024-09-18 00:00:00",9.2,9.3,8.9,9.2,9.2226,17443792.83
"2024-09-19 00:00:00",9.3,9.4,8.9,9.1,9.2761,19452984.21
"2024-09-20 00:00:00",9.2,9.5,9,9.3,9.3055,6660684
"2024-09-23 00:00:00",9.4,9.75,9.25,9.5,9.4664,31238117.5
"2024-09-24 00:00:00",9.5,9.7,9.35,9.5,9.5176,8493053.5
"2024-09-25 00:00:00",9.6,9.7,9.35,9.7,9.5592,35446755.89
"2024-09-26 00:00:00",9.5,9.65,9.3,9.65,9.539,22195487.25
"2024-09-27 00:00:00",9.5,9.6,9.4,9.5,9.5411,19664048.87
"2024-09-30 00:00:00",9.6,9.65,9.35,9.5,9.56,33208810.3
"2024-10-01 00:00:00",9.5,9.65,9.4,9.55,9.5513,28569212.4
"2024-10-02 00:00:00",9.5,9.6,9.4,9.5,9.5217,38501499.7
"2024-10-03 00:00:00",9.5,9.7,9.35,9.6,9.5351,33200556.56
"2024-10-04 00:00:00",9.54,9.6,9.3,9.5,9.4987,31885547.11
"2024-10-07 00:00:00",9.25,9.5999,9.2,9.25,9.3758,35288213.4
"2024-10-08 00:00:00",9.4,9.76,8.95,9,9.3841,25453814.4
"2024-10-09 00:00:00",9.4,9.55,8.9001,9.15,9.1762,20309150.55
"2024-10-10 00:00:00",9.1,9.585,8.4,8.9,9.0142,21178776.94
"2024-10-11 00:00:00",8.5,9.55,8.35,8.6,8.6068,26698605.05
"2024-10-14 00:00:00",8.7,9,8.3,8.6,8.7133,17508936.35
"2024-10-15 00:00:00",8.8,9.06,8.55,9,8.8844,25601941.3
"2024-10-16 00:00:00",8.9999,9.5,8.6011,9,8.9702,6164112.95
"2024-10-17 00:00:00",9,9.15,8.9,9.15,9.0016,15222419.39
"2024-10-18 00:00:00",8.9,9.4,8.4,8.9,9.0422,3322747.58
"2024-10-21 00:00:00",8.9,9.2,8.8,8.9,8.9947,9395339.35
"2024-10-22 00:00:00",9.15,9.757,5.4,8.8,9.0608,16580336.78
"2024-10-23 00:00:00",8.9,9.25,8.7,8.9,8.8923,26513840.51
"2024-10-24 00:00:00",8.9501,9.1,8.5,8.8,8.7926,11889083.1
"2024-10-25 00:00:00",8.7,9.27,8.5,8.725,8.8057,18347227.9
"2024-10-28 00:00:00",8.7,8.8,8.65,8.7,8.7481,4122185.95
"2024-10-30 00:00:00",9.1,9.1,8.5,8.775,8.6938,13216237
"2024-10-31 00:00:00",8.7,9,8.4,8.55,8.6091,11216883.58
"2024-11-01 00:00:00",8.4555,8.975,8.3,8.6,8.5234,9807606.25
"2024-11-04 00:00:00",8.45,8.85,8.287,8.344,8.361,17985578.49
"2024-11-05 00:00:00",8.4,8.8,8.05,8.25,8.3729,24418350.9
"2024-11-06 00:00:00",8.32,8.7,8.25,8.3,8.3683,12454908.79
"2024-11-07 00:00:00",8.4,8.7,8.2,8.4,8.4017,18627002.12
"2024-11-08 00:00:00",8.5,8.75,8.1,8.4,8.4646,21556273.85
"2024-11-11 00:00:00",8.45,8.75,8.35,8.45,8.4723,21337191.38
"2024-11-12 00:00:00",8.5,8.6,8.3,8.6,8.5206,18648852.72
"2024-11-13 00:00:00",8.63,8.725,8.495,8.57,8.5768,12783771.6
"2024-11-14 00:00:00",8.55,8.74,8.08,8.45,8.5563,25577293.59
"2024-11-15 00:00:00",8.45,8.79,8.4,8.4,8.5162,6424929
"2024-11-18 00:00:00",8.55,8.75,8.3,8.4,8.4605,16021780.63
"2024-11-19 00:00:00",8.4,8.6,8.299,8.55,8.4077,16924145.56
"2024-11-20 00:00:00",8.4,8.75,8.3,8.367,8.4159,14780104.68
"2024-11-21 00:00:00",8.4,8.7,8,8.45,8.3499,13642193.09
"2024-11-22 00:00:00",8.2,8.7,8.1,8.3,8.3227,13757512.6
"2024-11-25 00:00:00",8.25,8.7,8,8.24,8.2765,12940700.9
"2024-11-26 00:00:00",8.3,8.6,8.25,8.45,8.3808,27752522.88
"2024-11-27 00:00:00",8.35,8.65,8.18,8.25,8.3426,24839894.59
"2024-11-28 00:00:00",8.3,9,8.2,8.2,8.2731,32811265.8
"2024-11-29 00:00:00",8.3,8.65,8.15,8.1999,8.2892,14040129.65
"2024-12-02 00:00:00",8.3,8.6,8,8.1999,8.2437,20346026.4
"2024-12-03 00:00:00",8.17,8.62,8.1,8.2,8.1972,24832130.85
"2024-12-04 00:00:00",8.05,8.5,8,8.05,8.1122,32214091.68
"2024-12-05 00:00:00",8.1,8.55,8,8.1,8.1225,33408908.48
"2024-12-06 00:00:00",8,8.6,8,8.11,8.1208,22588245.98
"2024-12-09 00:00:00",8.15,8.55,8,8.1,8.1197,17862910
"2024-12-10 00:00:00",8.12,8.6,8,8.1,8.152,18588565.98
"2024-12-11 00:00:00",8.6,8.65,8,8.1,8.1983,21725853.36
"2024-12-12 00:00:00",8.1,8.8001,8.1,8.13,8.2407,22731641.29
"2024-12-13 00:00:00",8.2001,8.4,8.1,8.2,8.1893,18882837.3
"2024-12-16 00:00:00",8.15,8.7,8.05,8.3,8.2691,23347549.73
"2024-12-17 00:00:00",8.2,8.7,8.1,8.2,8.2583,27202599.6
"2024-12-18 00:00:00",8.35,8.75,8.15,8.25,8.2722,21465881.56
"2024-12-19 00:00:00",8.2501,8.78,8.15,8.35,8.3546,28030688.94
"2024-12-20 00:00:00",8.5,8.8,8,8.5,8.4685,18997792.85
"2024-12-23 00:00:00",8.8,8.95,8.3,8.6,8.5444,18387841.9
"2024-12-24 00:00:00",8.8,8.8,8.45,8.8,8.6493,14003744.2
"2024-12-25 00:00:00",8.7,9,8.5001,9,8.7196,14890831.77
"2024-12-26 00:00:00",8.7501,8.9,8.501,8.55,8.7027,12348988.7
"2024-12-27 00:00:00",8.8,8.9,8.5,8.6,8.6963,16536063.14
"2024-12-30 00:00:00",8.9,9,8.5,8.6,8.6526,20496368.98
"2024-12-31 00:00:00",8.5001,8.9,8.5,8.64,8.6519,18131430.35
"2025-01-02 00:00:00",9.05,9.2,8.6,8.65,8.7438,17166990.52
"2025-01-03 00:00:00",8.8,9.25,8.6,8.75,8.8261,17194804.67
"2025-01-06 00:00:00",9.35,9.35,8.45,8.8,8.9374,29663035.95
"2025-01-07 00:00:00",9,9.4,8.9,9,9.0184,16738376.65
"2025-01-08 00:00:00",9.15,9.3,8.85,9.15,9.0447,48080678.05
"2025-01-09 00:00:00",9,9.27,8.75,9,9.0685,33540751.87
"2025-01-10 00:00:00",8.95,9.2,8.9,8.95,8.985,16669166.56
"2025-01-13 00:00:00",10.05,10.05,9.26,9.6,9.8139,140143
"2025-01-14 00:00:00",8.93,10,8.8,9,8.8378,388865
"2025-01-15 00:00:00",8.8,8.99,8.8,8.85,8.9344,1076600
"2025-01-16 00:00:00",8.9,9,8.8,9,8.8895,3682732
"2025-01-17 00:00:00",8.9,8.9,8.7,8.8,8.8449,2354502.8
"2025-01-20 00:00:00",8.85,9,8.7,8.8,8.826,3606124
"2025-01-21 00:00:00",8.84,9,8.1,8.8,8.8073,7760771
"2025-01-22 00:00:00",8.9,8.95,8.15,8.7,8.756,7699651
"2025-01-23 00:00:00",9,9,8.6,8.7,8.7781,12005283.8
"2025-01-24 00:00:00",8.7,9,8.6,8.85,8.8499,16657634.3
"2025-01-27 00:00:00",8.77,9,8.55,8.8,8.819,21630108.2
"2025-01-28 00:00:00",8.8,9,8.7,8.8,8.8147,18138135.2
"2025-01-29 00:00:00",8.75,8.95,8.5,8.81,8.8087,18361437.4
"2025-01-30 00:00:00",8.75,9.1,8.7,8.7,8.8503,21699958.1
"2025-01-31 00:00:00",8.8,9.1,8.66,8.91,8.851,12712483.8
"2025-02-03 00:00:00",8.85,9,8.75,8.94,8.8849,11764780.9
"2025-02-04 00:00:00",8.99,9.1,8.78,9,8.9501,23190638.1
"2025-02-05 00:00:00",9,9.3,8.92,9.27,9.103,41764021.1
"2025-02-06 00:00:00",9.1,9.37,9,9.32,9.1802,13061096.22
"2025-02-07 00:00:00",9.2,9.45,8.99,9.3,9.1942,13279233.65
"2025-02-10 00:00:00",9.2,9.58,9.05,9.4,9.3062,18386113.2
"2025-02-11 00:00:00",9.43,9.6,9,9.45,9.3622,24273689
"2025-02-12 00:00:00",9.35,9.6,9.2,9.4,9.3976,14986399.9
"2025-02-13 00:00:00",9.32,9.6,9.15,9.4,9.3735,9731378.9
"2025-02-14 00:00:00",9.4,9.53,9.1,9.5,9.3627,13035413.4
"2025-02-17 00:00:00",9.3,9.6,8.8,9.45,9.4029,21128044.8
"2025-02-18 00:00:00",9.5,9.7,9.2,9.55,9.4477,25269045.2
"2025-02-19 00:00:00",9.7,9.7,9.4,9.49,9.5375,18074441.3
"2025-02-20 00:00:00",9.5,9.75,9.25,9.5,9.5711,33927976.5
"2025-02-21 00:00:00",9.6,9.75,9.4,9.62,9.5562,12059623.56
"2025-02-24 00:00:00",9.4,9.9,9.4,9.78,9.7447,21356880.1
"2025-02-25 00:00:00",9.52,9.99,9.52,9.6,9.7687,24523875.6
"2025-02-26 00:00:00",9.63,10,9.55,9.8,9.8257,24652378.19
"2025-02-27 00:00:00",9.9,10.15,9.7,9.85,9.9685,30002148.6
"2025-02-28 00:00:00",9.9,10.2,9.8,10.18,10.0205,22155653.2
"2025-03-03 00:00:00",9.73,10.24,9.7,10.01,10.0691,35364269.85
"2025-03-04 00:00:00",10.1,10.3,9.8,10.19,10.1427,31125936.18
"2025-03-05 00:00:00",10,10.4,9.85,10,10.1701,26875675.7
"2025-03-06 00:00:00",10.06,10.35,9.9,10.2,10.2424,34991697.45
"2025-03-07 00:00:00",10.3,10.4,10,10.3,10.2931,15839330.74
"2025-03-10 00:00:00",10.21,10.7,9.6,10.2,10.2561,35554393.1
"2025-03-11 00:00:00",10.25,10.4,9.8,10.13,10.1886,23554664.8
"2025-03-12 00:00:00",10.2,10.4,9.8,10.13,10.1413,18508667.3
"2025-03-13 00:00:00",10.7,10.7,9.83,9.83,10.1164,14975347
"2025-03-14 00:00:00",10.1,10.25,9.6,9.93,9.9718,17778773.1
"2025-03-17 00:00:00",9.75,10.7,9.5,10.1,10.0822,21776590.1
"2025-03-18 00:00:00",10.01,10.4,9.5,10.05,10.0482,21850159
"2025-03-19 00:00:00",8.26,10.3,8.26,10,10.056,62077154.6
"2025-03-20 00:00:00",9.97,10.4,9.75,10.16,10.14,31158895.2
"2025-03-21 00:00:00",10,10.25,9.8,10.15,10.1082,34142690.25
"2025-03-24 00:00:00",10.15,10.5,9.71,10.25,10.2207,35796172.7
"2025-03-25 00:00:00",10.25,10.6,9.84,10.26,10.2221,55030793.35
"2025-03-26 00:00:00",10.2,10.6,9.75,10.6,10.2452,20606611.6
"2025-03-27 00:00:00",10.3,10.5,9.9,10.27,10.1456,17892284.8
"2025-03-28 00:00:00",9.7,10.5,9.7,10.15,10.1603,33328050.8
"2025-04-02 00:00:00",10.3,10.65,10.1,10.4,10.276,7687569
"2025-04-03 00:00:00",10.3,10.9,9.55,10.24,10.3193,29615729
"2025-04-04 00:00:00",10.3,10.6,10.25,10.45,10.4195,32226403.8
"2025-04-07 00:00:00",10,10.75,10,10.35,10.4959,37716186.5
"2025-04-08 00:00:00",10.5,10.8,9.5,10.39,10.4047,48262488.01
"2025-04-09 00:00:00",10.35,10.7,10.2,10.2,10.452,36457979.1
"2025-04-10 00:00:00",10.25,10.9,10.1,10.5,10.5593,37799050
"2025-04-11 00:00:00",10.44,10.9,10.39,10.75,10.6165,31711664.7
"2025-04-14 00:00:00",10.5,11,10.5,10.9,10.7425,25762475.15
"2025-04-15 00:00:00",10.8,11.5,10.24,10.8,10.7727,29175761.5
"2025-04-16 00:00:00",10.6,11.25,10.6,10.9,10.9182,19390348
"2025-04-17 00:00:00",10.55,11.3,10.55,11.05,11,23606670.6
"2025-04-18 00:00:00",11.1,11.5,10.8,10.85,11.1093,22070606
"2025-04-21 00:00:00",11.25,11.7,11,11.2,11.1693,22517781.4
"2025-04-22 00:00:00",11.35,11.9,10.9,11.75,11.4009,32341176.6
"2025-04-24 00:00:00",11.6,12.3,11.05,11.8,11.7647,22545058.66
"2025-04-25 00:00:00",11.7,12.1,11,11.7,11.8518,17525234
"2025-04-28 00:00:00",11.85,12.15,11.5,11.91,11.9178,33185130.28
"2025-04-29 00:00:00",11.7,12,11.5,11.65,11.6994,26438602.6
"2025-04-30 00:00:00",11.6,12,10.8,11.89,11.6622,36650119.05
"2025-05-02 00:00:00",11.5,11.7,9.65,11,11.3595,40434645.9
"2025-05-05 00:00:00",11.5,11.6,10.61,11.21,11.3667,37529659.9
"2025-05-06 00:00:00",10.7,11.6,10.7,11.3,11.3207,28569958.43
"2025-05-07 00:00:00",11.25,12,10.95,11.3,11.222,21648431.2
"2025-05-08 00:00:00",11.1,12,10.85,11.05,11.0657,20268659.81
"2025-05-09 00:00:00",11.3,11.35,11,11.1,11.1401,6372678.9
"2025-05-12 00:00:00",11.25,11.4,10.9,11.09,11.1565,12047248.9
"2025-05-13 00:00:00",11.2,11.45,10.49,11.45,11.1692,17058008.6
"2025-05-14 00:00:00",11.1,11.4,10.7,11.15,11.1646,15045594.6
"2025-05-15 00:00:00",10.8,11.35,10.8,11.2,11.2549,11697943.6
"2025-05-16 00:00:00",10.62,11.4,10.62,11.25,11.2661,11140499.05
"2025-05-20 00:00:00",11.2,11.4,10.7,10.77,11.1732,16120892.4
"2025-05-21 00:00:00",10.8,11.7,10.79,11.28,11.1719,11566964.75
"2025-05-22 00:00:00",11.1,11.3,10.7,11.15,11.0803,15782732.6
"2025-05-23 00:00:00",11.2,11.3,10.6,10.9,11.1672,13784655
"2025-05-26 00:00:00",11.2,11.25,10.6,10.6,10.9839,20269945
"2025-05-27 00:00:00",11.2,11.3,10.7,11.1,11.1095,11788689.22
"2025-05-28 00:00:00",11,11.3,10.3,11,11.0532,27744167.7
"2025-05-29 00:00:00",11,11.3,10.6,11.25,11.1053,19934631
"2025-05-30 00:00:00",11.1,11.28,10.6,11.1,11.109,15709100.1
"2025-06-02 00:00:00",10.5,11.3,10.5,11.1,11.0795,9311195.6
"2025-06-03 00:00:00",10.5,11.6,10.2,11.25,11.2862,37223397.3
"2025-06-04 00:00:00",11.25,11.35,10.8,11.1,11.1904,12272110.6
"2025-06-05 00:00:00",11.1,11.1,11.1,11.1,11.1,277500
"2025-06-10 00:00:00",11.3,11.6,10.75,11.47,11.3274,14508119.3
"2025-06-11 00:00:00",10.8,11.7,10.8,11.35,11.4651,17554708.6
"2025-06-12 00:00:00",11,11.9,11,11.7,11.6261,21484968.8
"2025-06-13 00:00:00",11.8,12.1,11,12.1,11.7658,15656095
"2025-06-16 00:00:00",11.6,12.1,11.6,11.8,11.8366,15178839.6
"2025-06-17 00:00:00",11.75,12,11,12,11.5883,8621447
"2025-06-18 00:00:00",11.7,12.1,11.2,12.1,11.6879,12638150.2
"2025-06-19 00:00:00",11.65,12.2,11.19,11.7,11.881,11644406.1
"2025-06-20 00:00:00",11.69,12,11,11.85,11.5848,11920434.8
"2025-06-23 00:00:00",11,12,11,11.95,11.6298,13436087
"2025-06-24 00:00:00",11.7,11.85,11,11.5,11.6263,9587851.5
"2025-06-25 00:00:00",11.6,11.85,11.4,11.85,11.6095,7434262
"2025-06-26 00:00:00",11.15,11.45,10.58,11.01,11.1481,9528806.6
"2025-06-27 00:00:00",11.2,11.85,10.55,11.2,11.3873,17707649.4
"2025-06-30 00:00:00",11,11.65,11,11.45,11.3446,13062315
"2025-07-01 00:00:00",11.2,11.7,11.2,11.5,11.3028,6323112
"2025-07-02 00:00:00",11.25,11.85,11.2,11.3,11.5291,3928644.5
"2025-07-03 00:00:00",11.3,11.7,11.05,11.5,11.391,12239290
"2025-07-04 00:00:00",11,11.75,11,11.4,11.504,2800882
"2025-07-07 00:00:00",11.33,11.77,11,11.5,11.4817,6067609
"2025-07-08 00:00:00",11.35,11.8,11.2,11.36,11.4923,5468504
"2025-07-09 00:00:00",11.4,11.7,11.25,11.3,11.4008,19912026.5
"2025-07-10 00:00:00",11.09,11.7,11.09,11.5,11.4548,4641125
"2025-07-11 00:00:00",11.4,11.6,10.68,11.3,11.3754,11564949.6
"2025-07-14 00:00:00",11.6,11.75,11,11.65,11.3805,7593886
"2025-07-16 00:00:00",11,11.5,11,11.1,11.1671,9059961
"2025-07-17 00:00:00",11.3,11.5,11,11,11.1282,6745940
"2025-07-18 00:00:00",10.95,11.5,10.95,11.1,11.1163,4980197
"2025-07-21 00:00:00",11.2,11.2,11,11.05,11.0846,12804957
"2025-07-22 00:00:00",11.4,11.4,10.9,11,11.1467,9736938
"2025-07-23 00:00:00",11.1,11.3,11,11.05,11.0762,12030123.6
"2025-07-24 00:00:00",11.35,11.35,11.2,11.25,11.2843,12108087
"2025-07-25 00:00:00",11.2,11.5,11.1,11.35,11.2743,10462697
"2025-07-28 00:00:00",11.4,11.53,10,11,11.1703,35592074
"2025-07-29 00:00:00",10.5,11.5,10.5,11.19,10.9825,23039060.55
"2025-07-30 00:00:00",11.2,11.3,11.2,11.3,11.2875,13455746.5
"2025-07-31 00:00:00",11,11.5,10.8,11.2,11.2657,3606703
"2025-08-01 00:00:00",11,11.5,11,11.11,11.3006,4394356.4
"2025-08-04 00:00:00",11.2,11.4,10.9,11.4,11.1863,3398581.2
"2025-08-05 00:00:00",11.19,11.45,11,11.15,11.2012,7737591.2
"2025-08-06 00:00:00",11.18,11.5,11.1,11.19,11.2651,5915857.8
"2025-08-07 00:00:00",11.1,11.4,10.75,10.75,11.2184,5900445
"2025-08-08 00:00:00",11.15,11.55,11,11.2,11.2839,5069642
"2025-08-11 00:00:00",11.3,11.5,10.8,10.95,11.2192,9387063
"2025-08-12 00:00:00",11,11.4,10.9,11.2,11.1415,3079948
"2025-08-13 00:00:00",11.17,11.17,10.5,10.5,11.0724,1284400
"2025-08-14 00:00:00",11.1,11.25,10.75,11.1,11.0378,1335575
"2025-08-15 00:00:00",10.75,11.3,10.75,10.8,10.9405,3811002.5
"2025-08-18 00:00:00",10.8,11.4,10.5,11.3,10.8895,4969957
"2025-08-19 00:00:00",11,11.5,10.75,10.91,11.0307,14726487.1
"2025-08-20 00:00:00",10.9,11.27,10.6,11.27,10.9789,8594541.6
"2025-08-21 00:00:00",10.5,11.1,10.5,11.1,10.8613,4872146.45
"2025-08-22 00:00:00",10.9,11.3,10.7,11.3,11.0204,10470422.9
"2025-08-25 00:00:00",11.15,11.4,10.6,10.65,10.9909,11462969
"2025-08-26 00:00:00",10.75,11.42,10.5,11.2,11.1041,15674943.6
"2025-08-27 00:00:00",11,11.45,10.75,11.1,11.1676,11506698
"2025-08-28 00:00:00",10.9,11.25,10.85,11.1,11.1906,11087484.1
"2025-08-29 00:00:00",11.3,11.47,10.9,11.25,11.145,15629241.6
"2025-09-01 00:00:00",11.3,11.55,11.01,11.1,11.334,9423804
"2025-09-02 00:00:00",11.15,11.7,10.1,11.55,11.1318,17025463.9
"2025-09-03 00:00:00",11.1,12,8.8,11.05,11.271,23029311.8
"2025-09-04 00:00:00",11.1,12.07,10.8,11.2,11.3506,22945999.9
"2025-09-05 00:00:00",11.5,12,10.8,11.17,11.4144,4737312
"2025-09-08 00:00:00",12,12,11,11.24,11.3392,14040641.56
"2025-09-09 00:00:00",10.8,12.1,10.8,11.3,11.3378,13573060.6
"2025-09-10 00:00:00",11.3,12,10.75,11.65,11.2558,19231417
"2025-09-11 00:00:00",11.15,11.7,11,11.6,11.3105,22160702.82
"2025-09-12 00:00:00",11.2,12,10.8,11.3,11.3998,12213761
"2025-09-15 00:00:00",10.75,12,10.75,11.75,11.4305,12952652
"2025-09-16 00:00:00",11.3,12,11.2,11.4,11.4265,12690258.2
"2025-09-17 00:00:00",11.4,12.4,11.3,12.4,11.5361,13619842.7
"2025-09-18 00:00:00",11.75,12.3,11,11.4,11.5584,10700801.1
"2025-09-19 00:00:00",11.34,12,11.34,11.45,11.6896,4887908
"2025-09-22 00:00:00",11.4,12,10.99,11.5,11.409,12037428.6
"2025-09-23 00:00:00",11.5,12,11.3,11.45,11.5397,8637162.1
"2025-09-24 00:00:00",11.7,11.8,11.45,11.8,11.5815,2352888
"2025-09-25 00:00:00",11.4,11.65,11.4,11.5,11.4565,25391328.1
"2025-09-26 00:00:00",11.4,11.8,11.4,11.45,11.536,9811987
"2025-09-29 00:00:00",11.4,11.81,11.25,11.4,11.4601,12893369.4
"2025-09-30 00:00:00",11.25,11.8,11,11.37,11.3799,17633202.3
"2025-10-01 00:00:00",11.3,11.4,11.15,11.37,11.3271,4922666.8
"2025-10-02 00:00:00",11.1,11.38,11,11.3,11.2438,9301894.5
"2025-10-03 00:00:00",12.13,12.13,11.2,11.33,11.5348,9746791.6
"2025-10-06 00:00:00",11.3,11.63,11,11.59,11.372,14331923.61
"2025-10-07 00:00:00",11.18,12.04,11,11.39,11.3511,6774104.6
"2025-10-08 00:00:00",11.4,11.87,11.25,11.37,11.4032,9988870.08
"2025-10-09 00:00:00",11.35,11.77,10.82,11.3,11.314,14217489.91
"2025-10-10 00:00:00",11.3,11.5,11,11,11.3248,9453724.9
"2025-10-13 00:00:00",11.19,11.89,9.13,11.48,11.5036,9151286.18
"2025-10-14 00:00:00",11.5,11.66,11.04,11.35,11.4328,9092747.83
"2025-10-15 00:00:00",11.3,11.5,11.3,11.5,11.4493,5275103.75
"2025-10-16 00:00:00",11.38,11.57,11.25,11.3,11.4141,10694387.42
"2025-10-17 00:00:00",11.5,11.55,11.34,11.55,11.452,12670678.8
"2025-10-20 00:00:00",11.42,11.66,11,11.41,11.3762,8688000.77
"2025-10-21 00:00:00",11.56,11.66,10.9,11.1,11.3028,7123525.88
"2025-10-22 00:00:00",11.4,11.7,10.8,10.8,11.4244,21765893.21
"2025-10-23 00:00:00",11.1,11.46,11.1,11.45,11.405,5644116.5
"2025-10-24 00:00:00",11.35,11.45,10.79,11.4,11.3691,6105760.4
"2025-10-27 00:00:00",11.2,11.5,10.48,11.16,10.9813,3856417.45
"2025-10-28 00:00:00",11.25,11.45,11,11,11.2215,6765209.9
"2025-10-30 00:00:00",11.25,11.45,10.9,11.2,11.2601,8067555.6
"2025-10-31 00:00:00",11.25,11.44,11,11,11.2154,4732182.85
"2025-11-03 00:00:00",11,11.45,10.5,11.15,11.0618,8469056.2
"2025-11-04 00:00:00",10.9,11.3,10.55,11.05,11.0117,4595381
"2025-11-05 00:00:00",11.1,11.66,11,11.1,11.188,15095429.24
"2025-11-06 00:00:00",11.05,11.4,10.9,11.4,11.1499,7771789.12
"2025-11-07 00:00:00",11.1,11.25,10.7,11.2,11.098,7412118
"2025-11-10 00:00:00",11.15,11.15,11,11.1,11.0508,8038549.8
"2025-11-11 00:00:00",11,11.1,10.8,10.8,10.9774,12518730.65
"2025-11-12 00:00:00",11.2,11.2,10.8,10.8,10.9987,1234718
"2025-11-13 00:00:00",11.2,11.32,10.59,10.59,10.9945,10295663.4
"2025-11-14 00:00:00",10.5,11.05,10.5,11.05,10.7196,9923856
"2025-11-17 00:00:00",11,11.3,10.5,11.2,10.7893,13329907
"2025-11-18 00:00:00",10.8,11.2,10.5,11.2,10.8896,10848670.4
"2025-11-19 00:00:00",10.8,11.39,10.5,11.15,10.8469,8238669.8
"2025-11-20 00:00:00",10.7,11.25,10.7,11.25,11.0633,7984855.8
"2025-11-21 00:00:00",10.8,11.1,10.49,11.1,10.8336,2645789.6
"2025-11-24 00:00:00",11,11.33,10.5,10.83,10.9458,6059401.6
"2025-11-25 00:00:00",10,11.15,10,10.9,10.9357,5232392
"2025-11-26 00:00:00",10.8,11.47,10.5,10.95,10.9786,5779026.2
"2025-11-27 00:00:00",11.2,11.2,10.15,10.85,10.6492,7513434